h3_index,Autoctona,Foranea,ratio
89c2e302007ffff,22,40,0.3548387096774194
89c2e30200bffff,0,28,0.0
89c2e30200fffff,1,17,0.05555555555555555
89c2e302013ffff,3,149,0.019736842105263157
89c2e302017ffff,18,190,0.08653846153846154
89c2e30201bffff,33,113,0.22602739726027396
89c2e302023ffff,12,23,0.34285714285714286
89c2e302027ffff,36,19,0.6545454545454545
89c2e30202fffff,4,8,0.3333333333333333
89c2e302033ffff,34,44,0.4358974358974359
89c2e302037ffff,42,209,0.16733067729083664
89c2e302043ffff,2,40,0.047619047619047616
89c2e302047ffff,0,1,0.0
89c2e302053ffff,37,135,0.21511627906976744
89c2e302057ffff,4,138,0.028169014084507043
89c2e30205bffff,0,112,0.0
89c2e302077ffff,0,12,0.0
89c2e302083ffff,13,182,0.06666666666666667
89c2e302087ffff,13,195,0.0625
89c2e30208bffff,6,217,0.026905829596412557
89c2e30208fffff,11,268,0.03942652329749104
89c2e302093ffff,8,171,0.0446927374301676
89c2e302097ffff,16,196,0.07547169811320754
89c2e30209bffff,3,188,0.015706806282722512
89c2e3020a3ffff,6,99,0.05714285714285714
89c2e3020a7ffff,25,283,0.08116883116883117
89c2e3020abffff,13,192,0.06341463414634146
89c2e3020afffff,24,221,0.09795918367346938
89c2e3020b3ffff,4,254,0.015503875968992248
89c2e3020b7ffff,36,225,0.13793103448275862
89c2e3020bbffff,2,197,0.010050251256281407
89c2e3020c3ffff,18,208,0.07964601769911504
89c2e3020c7ffff,17,189,0.0825242718446602
89c2e3020cbffff,45,215,0.17307692307692307
89c2e3020cfffff,18,187,0.08780487804878048
89c2e3020d3ffff,35,108,0.24475524475524477
89c2e3020d7ffff,7,187,0.03608247422680412
89c2e3020dbffff,9,167,0.05113636363636364
89c2e302153ffff,35,96,0.26717557251908397
89c2e302183ffff,2,52,0.037037037037037035
89c2e30218bffff,0,25,0.0
89c2e302193ffff,5,207,0.02358490566037736
89c2e302197ffff,0,2,0.0
89c2e30219bffff,5,199,0.024509803921568627
89c2e3021c3ffff,16,243,0.06177606177606178
89c2e3021c7ffff,4,127,0.030534351145038167
89c2e3021cbffff,4,216,0.01818181818181818
89c2e3021cfffff,5,160,0.030303030303030304
89c2e3021d3ffff,21,237,0.08139534883720931
89c2e3021d7ffff,21,171,0.109375
89c2e3021dbffff,11,235,0.044715447154471545
89c2e302213ffff,7,192,0.035175879396984924
89c2e302283ffff,10,15,0.4
89c2e302293ffff,1,1,0.5
89c2e302403ffff,18,135,0.11764705882352941
89c2e302407ffff,12,139,0.07947019867549669
89c2e30240bffff,4,183,0.0213903743315508
89c2e30240fffff,22,102,0.1774193548387097
89c2e302413ffff,6,148,0.03896103896103896
89c2e302417ffff,6,186,0.03125
89c2e30241bffff,29,137,0.1746987951807229
89c2e302423ffff,10,185,0.05128205128205128
89c2e302427ffff,7,194,0.03482587064676617
89c2e30242bffff,7,154,0.043478260869565216
89c2e30242fffff,20,120,0.14285714285714285
89c2e302433ffff,11,192,0.054187192118226604
89c2e302437ffff,19,208,0.08370044052863436
89c2e30243bffff,25,98,0.2032520325203252
89c2e302443ffff,18,230,0.07258064516129033
89c2e302447ffff,3,205,0.014423076923076924
89c2e30244bffff,13,193,0.06310679611650485
89c2e30244fffff,7,130,0.051094890510948905
89c2e302453ffff,6,232,0.025210084033613446
89c2e302457ffff,9,191,0.045
89c2e30245bffff,33,190,0.14798206278026907
89c2e302463ffff,6,227,0.02575107296137339
89c2e302467ffff,14,189,0.06896551724137931
89c2e30246bffff,11,181,0.057291666666666664
89c2e30246fffff,7,149,0.04487179487179487
89c2e302473ffff,9,187,0.04591836734693878
89c2e302477ffff,6,207,0.028169014084507043
89c2e30247bffff,5,133,0.036231884057971016
89c2e302483ffff,7,191,0.03535353535353535
89c2e302487ffff,7,149,0.04487179487179487
89c2e30248bffff,16,151,0.09580838323353294
89c2e30248fffff,11,190,0.05472636815920398
89c2e302493ffff,6,213,0.0273972602739726
89c2e302497ffff,20,208,0.08771929824561403
89c2e30249bffff,10,209,0.045662100456621
89c2e3024a3ffff,8,170,0.0449438202247191
89c2e3024a7ffff,9,183,0.046875
89c2e3024abffff,13,148,0.08074534161490683
89c2e3024afffff,10,168,0.056179775280898875
89c2e3024b3ffff,4,171,0.022857142857142857
89c2e3024b7ffff,3,166,0.01775147928994083
89c2e3024bbffff,15,182,0.07614213197969544
89c2e3024c3ffff,24,177,0.11940298507462686
89c2e3024c7ffff,8,183,0.041884816753926704
89c2e3024cbffff,18,112,0.13846153846153847
89c2e3024cfffff,25,117,0.176056338028169
89c2e3024d3ffff,33,176,0.15789473684210525
89c2e3024d7ffff,7,110,0.05982905982905983
89c2e3024dbffff,28,206,0.11965811965811966
89c2e302503ffff,5,217,0.02252252252252252
89c2e302507ffff,2,76,0.02564102564102564
89c2e30250bffff,11,213,0.049107142857142856
89c2e30250fffff,6,187,0.031088082901554404
89c2e302513ffff,2,173,0.011428571428571429
89c2e302517ffff,7,189,0.03571428571428571
89c2e30251bffff,7,223,0.030434782608695653
89c2e302523ffff,8,196,0.0392156862745098
89c2e302527ffff,1,111,0.008928571428571428
89c2e30252bffff,3,133,0.022058823529411766
89c2e30252fffff,6,148,0.03896103896103896
89c2e302533ffff,8,255,0.030418250950570342
89c2e302537ffff,1,247,0.004032258064516129
89c2e30253bffff,25,185,0.11904761904761904
89c2e302543ffff,14,213,0.06167400881057269
89c2e302547ffff,5,208,0.023474178403755867
89c2e30254bffff,13,219,0.05603448275862069
89c2e30254fffff,25,142,0.1497005988023952
89c2e302553ffff,16,201,0.07373271889400922
89c2e302557ffff,24,229,0.09486166007905138
89c2e30255bffff,37,112,0.2483221476510067
89c2e302563ffff,6,194,0.03
89c2e302567ffff,2,200,0.009900990099009901
89c2e30256bffff,17,155,0.09883720930232558
89c2e30256fffff,12,146,0.0759493670886076
89c2e302573ffff,6,199,0.02926829268292683
89c2e302577ffff,6,194,0.03
89c2e30257bffff,18,131,0.12080536912751678
89c2e302583ffff,4,113,0.03418803418803419
89c2e302587ffff,3,152,0.01935483870967742
89c2e30258bffff,4,222,0.017699115044247787
89c2e30258fffff,5,201,0.024271844660194174
89c2e302593ffff,15,213,0.06578947368421052
89c2e302597ffff,10,180,0.05263157894736842
89c2e30259bffff,6,233,0.02510460251046025
89c2e3025a3ffff,7,164,0.04093567251461988
89c2e3025a7ffff,2,165,0.011976047904191617
89c2e3025abffff,6,112,0.05084745762711865
89c2e3025afffff,2,83,0.023529411764705882
89c2e3025b3ffff,0,177,0.0
89c2e3025b7ffff,3,196,0.01507537688442211
89c2e3025bbffff,4,215,0.0182648401826484
89c2e3025c3ffff,17,227,0.06967213114754098
89c2e3025c7ffff,4,267,0.014760147601476014
89c2e3025cbffff,15,220,0.06382978723404255
89c2e3025cfffff,12,214,0.05309734513274336
89c2e3025d3ffff,4,196,0.02
89c2e3025d7ffff,17,231,0.06854838709677419
89c2e3025dbffff,14,183,0.07106598984771574
89c2e302607ffff,6,73,0.0759493670886076
89c2e30260fffff,0,28,0.0
89c2e302623ffff,9,141,0.06
89c2e302627ffff,7,128,0.05185185185185185
89c2e30262bffff,28,81,0.25688073394495414
89c2e30262fffff,3,25,0.10714285714285714
89c2e302633ffff,4,188,0.020833333333333332
89c2e302637ffff,10,213,0.04484304932735426
89c2e30263bffff,11,137,0.07432432432432433
89c2e302643ffff,0,5,0.0
89c2e302647ffff,23,29,0.4423076923076923
89c2e30264bffff,0,8,0.0
89c2e302653ffff,19,10,0.6551724137931034
89c2e302663ffff,0,19,0.0
89c2e30266bffff,0,69,0.0
89c2e302677ffff,25,50,0.3333333333333333
89c2e302683ffff,8,160,0.047619047619047616
89c2e302687ffff,6,78,0.07142857142857142
89c2e30268bffff,13,19,0.40625
89c2e30268fffff,0,65,0.0
89c2e302693ffff,18,102,0.15
89c2e302697ffff,25,87,0.22321428571428573
89c2e30269bffff,11,121,0.08333333333333333
89c2e3026a3ffff,17,155,0.09883720930232558
89c2e3026a7ffff,23,99,0.1885245901639344
89c2e3026abffff,12,93,0.11428571428571428
89c2e3026afffff,6,172,0.033707865168539325
89c2e3026b3ffff,21,70,0.23076923076923078
89c2e3026b7ffff,17,117,0.12686567164179105
89c2e3026bbffff,9,97,0.08490566037735849
89c2e3026d3ffff,1,36,0.02702702702702703
89c2e3026d7ffff,2,53,0.03636363636363636
89c2e303483ffff,0,2,0.0
89c2e303493ffff,0,3,0.0
89c2e30358fffff,0,161,0.0
89c2e3035c3ffff,0,55,0.0
89c2e3035dbffff,0,84,0.0
89c2e310003ffff,28,170,0.1414141414141414
89c2e310007ffff,36,171,0.17391304347826086
89c2e31000bffff,5,196,0.024875621890547265
89c2e31000fffff,14,204,0.06422018348623854
89c2e310013ffff,26,162,0.13829787234042554
89c2e310017ffff,7,198,0.03414634146341464
89c2e31001bffff,15,132,0.10204081632653061
89c2e310023ffff,7,124,0.05343511450381679
89c2e310027ffff,1,32,0.030303030303030304
89c2e31002bffff,39,94,0.2932330827067669
89c2e31002fffff,5,149,0.032467532467532464
89c2e310033ffff,8,127,0.05925925925925926
89c2e310037ffff,6,40,0.13043478260869565
89c2e31003bffff,3,157,0.01875
89c2e310043ffff,13,213,0.05752212389380531
89c2e310047ffff,2,138,0.014285714285714285
89c2e31004bffff,11,199,0.05238095238095238
89c2e31004fffff,6,204,0.02857142857142857
89c2e310053ffff,11,158,0.0650887573964497
89c2e310057ffff,6,192,0.030303030303030304
89c2e31005bffff,7,151,0.04430379746835443
89c2e310063ffff,16,205,0.07239819004524888
89c2e310067ffff,0,158,0.0
89c2e31006bffff,20,200,0.09090909090909091
89c2e31006fffff,5,106,0.04504504504504504
89c2e310073ffff,7,202,0.03349282296650718
89c2e310077ffff,2,85,0.022988505747126436
89c2e31007bffff,10,137,0.06802721088435375
89c2e310083ffff,12,104,0.10344827586206896
89c2e310087ffff,15,140,0.0967741935483871
89c2e31008bffff,33,271,0.10855263157894737
89c2e31008fffff,15,116,0.11450381679389313
89c2e310093ffff,15,11,0.5769230769230769
89c2e310097ffff,15,184,0.07537688442211055
89c2e31009bffff,14,67,0.1728395061728395
89c2e3100a3ffff,7,158,0.04242424242424243
89c2e3100a7ffff,3,97,0.03
89c2e3100abffff,9,192,0.04477611940298507
89c2e3100afffff,4,130,0.029850746268656716
89c2e3100b3ffff,9,168,0.05084745762711865
89c2e3100b7ffff,2,146,0.013513513513513514
89c2e3100bbffff,6,163,0.03550295857988166
89c2e3100c3ffff,12,236,0.04838709677419355
89c2e3100c7ffff,26,230,0.1015625
89c2e3100cbffff,21,194,0.09767441860465116
89c2e3100cfffff,16,153,0.09467455621301775
89c2e3100d3ffff,17,176,0.08808290155440414
89c2e3100d7ffff,20,410,0.046511627906976744
89c2e3100dbffff,13,215,0.05701754385964912
89c2e310103ffff,1,134,0.007407407407407408
89c2e310107ffff,3,195,0.015151515151515152
89c2e31010bffff,2,41,0.046511627906976744
89c2e31010fffff,1,93,0.010638297872340425
89c2e310113ffff,6,191,0.030456852791878174
89c2e310117ffff,2,153,0.012903225806451613
89c2e31011bffff,11,146,0.07006369426751592
89c2e310123ffff,1,156,0.006369426751592357
89c2e310127ffff,2,103,0.01904761904761905
89c2e31012bffff,9,167,0.05113636363636364
89c2e31012fffff,0,121,0.0
89c2e310133ffff,4,210,0.018691588785046728
89c2e310137ffff,10,111,0.08264462809917356
89c2e31013bffff,6,152,0.0379746835443038
89c2e310143ffff,19,233,0.07539682539682539
89c2e310147ffff,25,223,0.10080645161290322
89c2e31014bffff,9,217,0.03982300884955752
89c2e31014fffff,19,215,0.0811965811965812
89c2e310153ffff,9,183,0.046875
89c2e310157ffff,14,202,0.06481481481481481
89c2e31015bffff,8,196,0.0392156862745098
89c2e310163ffff,8,205,0.03755868544600939
89c2e310167ffff,6,174,0.03333333333333333
89c2e31016bffff,14,248,0.05343511450381679
89c2e31016fffff,6,180,0.03225806451612903
89c2e310173ffff,4,113,0.03418803418803419
89c2e310177ffff,21,134,0.13548387096774195
89c2e31017bffff,6,150,0.038461538461538464
89c2e310183ffff,14,189,0.06896551724137931
89c2e310187ffff,8,174,0.04395604395604396
89c2e31018bffff,11,167,0.06179775280898876
89c2e31018fffff,19,228,0.07692307692307693
89c2e310193ffff,8,167,0.045714285714285714
89c2e310197ffff,17,235,0.06746031746031746
89c2e31019bffff,4,149,0.026143790849673203
89c2e3101a3ffff,12,196,0.057692307692307696
89c2e3101a7ffff,3,131,0.022388059701492536
89c2e3101abffff,4,142,0.0273972602739726
89c2e3101afffff,10,143,0.06535947712418301
89c2e3101b3ffff,10,186,0.05102040816326531
89c2e3101b7ffff,8,184,0.041666666666666664
89c2e3101bbffff,19,144,0.1165644171779141
89c2e3101c3ffff,11,153,0.06707317073170732
89c2e3101c7ffff,2,147,0.013422818791946308
89c2e3101cbffff,0,41,0.0
89c2e3101cfffff,1,138,0.007194244604316547
89c2e3101d3ffff,3,142,0.020689655172413793
89c2e3101d7ffff,0,103,0.0
89c2e3101dbffff,3,84,0.034482758620689655
89c2e310203ffff,2,134,0.014705882352941176
89c2e310207ffff,4,162,0.024096385542168676
89c2e31020bffff,5,151,0.03205128205128205
89c2e31020fffff,4,196,0.02
89c2e310213ffff,7,166,0.04046242774566474
89c2e310217ffff,4,149,0.026143790849673203
89c2e31021bffff,4,170,0.022988505747126436
89c2e310223ffff,9,169,0.05056179775280899
89c2e310227ffff,2,97,0.020202020202020204
89c2e31022bffff,2,191,0.010362694300518135
89c2e31022fffff,4,144,0.02702702702702703
89c2e310233ffff,8,201,0.03827751196172249
89c2e310237ffff,1,142,0.006993006993006993
89c2e31023bffff,5,173,0.028089887640449437
89c2e310243ffff,5,140,0.034482758620689655
89c2e310247ffff,4,159,0.024539877300613498
89c2e31024bffff,8,159,0.04790419161676647
89c2e31024fffff,15,137,0.09868421052631579
89c2e310253ffff,18,209,0.07929515418502203
89c2e310257ffff,15,160,0.08571428571428572
89c2e31025bffff,1,181,0.005494505494505495
89c2e310263ffff,11,148,0.06918238993710692
89c2e310267ffff,1,171,0.005813953488372093
89c2e31026bffff,9,185,0.04639175257731959
89c2e31026fffff,6,168,0.034482758620689655
89c2e310273ffff,4,193,0.02030456852791878
89c2e310277ffff,9,235,0.036885245901639344
89c2e31027bffff,5,172,0.02824858757062147
89c2e310283ffff,2,194,0.01020408163265306
89c2e310287ffff,4,181,0.021621621621621623
89c2e31028bffff,6,139,0.041379310344827586
89c2e31028fffff,3,160,0.018404907975460124
89c2e310293ffff,11,174,0.05945945945945946
89c2e310297ffff,4,166,0.023529411764705882
89c2e31029bffff,8,177,0.043243243243243246
89c2e3102a3ffff,12,153,0.07272727272727272
89c2e3102a7ffff,3,164,0.017964071856287425
89c2e3102abffff,17,243,0.06538461538461539
89c2e3102afffff,5,170,0.02857142857142857
89c2e3102b3ffff,4,148,0.02631578947368421
89c2e3102b7ffff,12,154,0.07228915662650602
89c2e3102bbffff,9,192,0.04477611940298507
89c2e3102c3ffff,6,156,0.037037037037037035
89c2e3102c7ffff,14,115,0.10852713178294573
89c2e3102cbffff,6,150,0.038461538461538464
89c2e3102cfffff,28,170,0.1414141414141414
89c2e3102d3ffff,16,197,0.07511737089201878
89c2e3102d7ffff,7,151,0.04430379746835443
89c2e3102dbffff,11,220,0.047619047619047616
89c2e310303ffff,18,129,0.12244897959183673
89c2e310307ffff,2,118,0.016666666666666666
89c2e31030bffff,4,88,0.043478260869565216
89c2e31030fffff,7,174,0.03867403314917127
89c2e310313ffff,3,147,0.02
89c2e310317ffff,5,194,0.02512562814070352
89c2e31031bffff,26,177,0.12807881773399016
89c2e310323ffff,11,153,0.06707317073170732
89c2e310327ffff,2,172,0.011494252873563218
89c2e31032bffff,2,182,0.010869565217391304
89c2e31032fffff,8,179,0.0427807486631016
89c2e310333ffff,7,197,0.03431372549019608
89c2e310337ffff,6,172,0.033707865168539325
89c2e31033bffff,11,172,0.060109289617486336
89c2e310343ffff,3,100,0.02912621359223301
89c2e310347ffff,20,53,0.273972602739726
89c2e31034bffff,7,96,0.06796116504854369
89c2e31034fffff,1,128,0.007751937984496124
89c2e310353ffff,7,127,0.05223880597014925
89c2e310357ffff,16,202,0.07339449541284404
89c2e31035bffff,2,119,0.01652892561983471
89c2e310363ffff,25,119,0.1736111111111111
89c2e310367ffff,6,166,0.03488372093023256
89c2e31036bffff,8,152,0.05
89c2e31036fffff,29,169,0.14646464646464646
89c2e310377ffff,4,143,0.027210884353741496
89c2e31037bffff,10,74,0.11904761904761904
89c2e310383ffff,10,192,0.04950495049504951
89c2e310387ffff,4,204,0.019230769230769232
89c2e31038bffff,11,156,0.0658682634730539
89c2e31038fffff,5,148,0.032679738562091505
89c2e310393ffff,4,141,0.027586206896551724
89c2e310397ffff,5,208,0.023474178403755867
89c2e31039bffff,4,150,0.025974025974025976
89c2e3103a3ffff,3,132,0.022222222222222223
89c2e3103a7ffff,5,173,0.028089887640449437
89c2e3103abffff,7,170,0.03954802259887006
89c2e3103afffff,0,152,0.0
89c2e3103b3ffff,17,200,0.07834101382488479
89c2e3103b7ffff,9,158,0.05389221556886228
89c2e3103bbffff,7,298,0.022950819672131147
89c2e3103c3ffff,12,88,0.12
89c2e3103c7ffff,12,201,0.056338028169014086
89c2e3103cbffff,15,163,0.08426966292134831
89c2e3103cfffff,9,182,0.04712041884816754
89c2e3103d3ffff,3,28,0.0967741935483871
89c2e3103d7ffff,8,139,0.05442176870748299
89c2e3103dbffff,5,175,0.027777777777777776
89c2e310403ffff,7,77,0.08333333333333333
89c2e310407ffff,6,116,0.04918032786885246
89c2e31040bffff,6,160,0.03614457831325301
89c2e31040fffff,5,191,0.025510204081632654
89c2e310417ffff,0,6,0.0
89c2e31041bffff,1,7,0.125
89c2e310423ffff,19,212,0.08225108225108226
89c2e310427ffff,8,145,0.05228758169934641
89c2e31042bffff,14,214,0.06140350877192982
89c2e31042fffff,20,59,0.25316455696202533
89c2e310433ffff,9,180,0.047619047619047616
89c2e310437ffff,2,177,0.0111731843575419
89c2e31043bffff,10,224,0.042735042735042736
89c2e310443ffff,9,114,0.07317073170731707
89c2e310447ffff,16,151,0.09580838323353294
89c2e31044bffff,2,245,0.008097165991902834
89c2e31044fffff,9,201,0.04285714285714286
89c2e310453ffff,1,136,0.0072992700729927005
89c2e310457ffff,6,92,0.061224489795918366
89c2e31045bffff,2,201,0.009852216748768473
89c2e310463ffff,9,223,0.03879310344827586
89c2e310467ffff,33,200,0.14163090128755365
89c2e31046bffff,21,221,0.08677685950413223
89c2e31046fffff,28,198,0.12389380530973451
89c2e310473ffff,1,155,0.00641025641025641
89c2e310477ffff,16,245,0.06130268199233716
89c2e31047bffff,10,145,0.06451612903225806
89c2e310483ffff,0,1,0.0
89c2e31048bffff,0,1,0.0
89c2e3104a3ffff,3,200,0.014778325123152709
89c2e3104a7ffff,14,403,0.03357314148681055
89c2e3104abffff,7,206,0.03286384976525822
89c2e3104afffff,2,219,0.00904977375565611
89c2e3104b3ffff,0,107,0.0
89c2e3104b7ffff,1,87,0.011363636363636364
89c2e3104bbffff,0,64,0.0
89c2e3104c3ffff,6,0,1.0
89c2e3104cbffff,0,3,0.0
89c2e3104cfffff,0,3,0.0
89c2e3104d7ffff,2,22,0.08333333333333333
89c2e3104dbffff,0,19,0.0
89c2e310503ffff,3,133,0.022058823529411766
89c2e310507ffff,0,98,0.0
89c2e31050bffff,6,142,0.04054054054054054
89c2e31050fffff,4,102,0.03773584905660377
89c2e310513ffff,9,176,0.04864864864864865
89c2e310517ffff,3,194,0.015228426395939087
89c2e31051bffff,8,219,0.03524229074889868
89c2e310523ffff,8,166,0.04597701149425287
89c2e310527ffff,6,153,0.03773584905660377
89c2e31052bffff,3,154,0.01910828025477707
89c2e31052fffff,5,138,0.03496503496503497
89c2e310533ffff,1,165,0.006024096385542169
89c2e310537ffff,4,206,0.01904761904761905
89c2e31053bffff,3,105,0.027777777777777776
89c2e310543ffff,4,184,0.02127659574468085
89c2e310547ffff,7,175,0.038461538461538464
89c2e31054bffff,14,210,0.0625
89c2e31054fffff,8,158,0.04819277108433735
89c2e310553ffff,13,171,0.07065217391304347
89c2e310557ffff,22,181,0.10837438423645321
89c2e31055bffff,2,146,0.013513513513513514
89c2e310563ffff,4,108,0.03571428571428571
89c2e310567ffff,10,198,0.04807692307692308
89c2e31056bffff,1,87,0.011363636363636364
89c2e31056fffff,3,150,0.0196078431372549
89c2e310573ffff,1,158,0.006289308176100629
89c2e310577ffff,7,114,0.05785123966942149
89c2e31057bffff,1,149,0.006666666666666667
89c2e310583ffff,14,201,0.06511627906976744
89c2e310587ffff,4,155,0.025157232704402517
89c2e31058bffff,8,184,0.041666666666666664
89c2e31058fffff,5,152,0.03184713375796178
89c2e310593ffff,14,166,0.07777777777777778
89c2e310597ffff,11,141,0.07236842105263158
89c2e31059bffff,14,245,0.05405405405405406
89c2e3105a3ffff,7,79,0.08139534883720931
89c2e3105a7ffff,0,120,0.0
89c2e3105abffff,3,108,0.02702702702702703
89c2e3105afffff,2,120,0.01639344262295082
89c2e3105b3ffff,5,153,0.03164556962025317
89c2e3105b7ffff,2,155,0.012738853503184714
89c2e3105bbffff,3,136,0.02158273381294964
89c2e3105c3ffff,13,299,0.041666666666666664
89c2e3105c7ffff,21,324,0.06086956521739131
89c2e3105cbffff,4,88,0.043478260869565216
89c2e3105cfffff,29,247,0.10507246376811594
89c2e3105d3ffff,9,341,0.025714285714285714
89c2e3105d7ffff,6,232,0.025210084033613446
89c2e3105dbffff,4,210,0.018691588785046728
89c2e310603ffff,7,215,0.03153153153153153
89c2e310607ffff,6,162,0.03571428571428571
89c2e31060bffff,10,205,0.046511627906976744
89c2e31060fffff,16,227,0.06584362139917696
89c2e310613ffff,5,216,0.02262443438914027
89c2e310617ffff,6,163,0.03550295857988166
89c2e31061bffff,4,216,0.01818181818181818
89c2e310623ffff,2,128,0.015384615384615385
89c2e310627ffff,11,210,0.049773755656108594
89c2e31062bffff,3,169,0.01744186046511628
89c2e31062fffff,2,165,0.011976047904191617
89c2e310633ffff,13,202,0.06046511627906977
89c2e310637ffff,13,178,0.06806282722513089
89c2e31063bffff,22,101,0.17886178861788618
89c2e310643ffff,0,98,0.0
89c2e310647ffff,1,174,0.005714285714285714
89c2e31064bffff,0,86,0.0
89c2e31064fffff,2,176,0.011235955056179775
89c2e310653ffff,7,112,0.058823529411764705
89c2e310657ffff,12,288,0.04
89c2e31065bffff,2,121,0.016260162601626018
89c2e310663ffff,8,206,0.037383177570093455
89c2e310667ffff,3,168,0.017543859649122806
89c2e31066bffff,5,217,0.02252252252252252
89c2e31066fffff,14,178,0.07291666666666667
89c2e310673ffff,5,261,0.018796992481203006
89c2e310677ffff,21,245,0.07894736842105263
89c2e31067bffff,4,169,0.023121387283236993
89c2e310683ffff,4,111,0.034782608695652174
89c2e310687ffff,8,229,0.03375527426160337
89c2e31068bffff,5,193,0.025252525252525252
89c2e31068fffff,5,147,0.03289473684210526
89c2e310693ffff,3,168,0.017543859649122806
89c2e310697ffff,2,191,0.010362694300518135
89c2e31069bffff,3,243,0.012195121951219513
89c2e3106a3ffff,11,173,0.059782608695652176
89c2e3106a7ffff,9,222,0.03896103896103896
89c2e3106abffff,15,182,0.07614213197969544
89c2e3106afffff,15,181,0.07653061224489796
89c2e3106b3ffff,1,203,0.004901960784313725
89c2e3106b7ffff,8,171,0.0446927374301676
89c2e3106bbffff,14,180,0.07216494845360824
89c2e3106c3ffff,1,182,0.00546448087431694
89c2e3106c7ffff,2,166,0.011904761904761904
89c2e3106cbffff,1,195,0.00510204081632653
89c2e3106cfffff,4,223,0.01762114537444934
89c2e3106d3ffff,2,148,0.013333333333333334
89c2e3106d7ffff,4,201,0.01951219512195122
89c2e3106dbffff,5,190,0.02564102564102564
89c2e310803ffff,8,181,0.042328042328042326
89c2e310807ffff,14,292,0.0457516339869281
89c2e31080bffff,11,239,0.044
89c2e31080fffff,1,207,0.004807692307692308
89c2e310813ffff,1,209,0.004761904761904762
89c2e310817ffff,0,242,0.0
89c2e31081bffff,15,288,0.04950495049504951
89c2e310823ffff,3,200,0.014778325123152709
89c2e310827ffff,0,175,0.0
89c2e31082bffff,4,141,0.027586206896551724
89c2e31082fffff,6,140,0.0410958904109589
89c2e310833ffff,12,193,0.05853658536585366
89c2e310837ffff,4,169,0.023121387283236993
89c2e31083bffff,6,243,0.024096385542168676
89c2e310843ffff,6,109,0.05217391304347826
89c2e310847ffff,3,129,0.022727272727272728
89c2e31084bffff,4,198,0.019801980198019802
89c2e31084fffff,1,144,0.006896551724137931
89c2e310853ffff,2,163,0.012121212121212121
89c2e310857ffff,0,51,0.0
89c2e31085bffff,6,101,0.056074766355140186
89c2e310863ffff,12,170,0.06593406593406594
89c2e310867ffff,13,154,0.07784431137724551
89c2e31086bffff,2,176,0.011235955056179775
89c2e31086fffff,1,126,0.007874015748031496
89c2e310873ffff,7,192,0.035175879396984924
89c2e310877ffff,3,299,0.009933774834437087
89c2e31087bffff,2,85,0.022988505747126436
89c2e310887ffff,1,74,0.013333333333333334
89c2e31088bffff,3,110,0.02654867256637168
89c2e31088fffff,18,249,0.06741573033707865
89c2e3108a3ffff,5,191,0.025510204081632654
89c2e3108a7ffff,5,172,0.02824858757062147
89c2e3108abffff,12,271,0.04240282685512368
89c2e3108afffff,3,220,0.013452914798206279
89c2e3108b3ffff,6,120,0.047619047619047616
89c2e3108b7ffff,6,240,0.024390243902439025
89c2e3108bbffff,20,257,0.07220216606498195
89c2e3108c3ffff,23,21,0.5227272727272727
89c2e3108c7ffff,6,177,0.03278688524590164
89c2e3108cbffff,3,63,0.045454545454545456
89c2e3108cfffff,4,195,0.020100502512562814
89c2e3108d3ffff,1,47,0.020833333333333332
89c2e3108d7ffff,0,15,0.0
89c2e3108dbffff,12,129,0.0851063829787234
89c2e310903ffff,6,168,0.034482758620689655
89c2e310907ffff,2,220,0.009009009009009009
89c2e31090bffff,8,163,0.04678362573099415
89c2e31090fffff,4,241,0.0163265306122449
89c2e310913ffff,15,155,0.08823529411764706
89c2e310917ffff,8,187,0.041025641025641026
89c2e31091bffff,11,183,0.05670103092783505
89c2e310923ffff,26,206,0.11206896551724138
89c2e310927ffff,0,1,0.0
89c2e31092bffff,12,287,0.04013377926421405
89c2e31092fffff,38,95,0.2857142857142857
89c2e310933ffff,21,228,0.08433734939759036
89c2e310937ffff,4,133,0.029197080291970802
89c2e31093bffff,3,234,0.012658227848101266
89c2e310943ffff,3,180,0.01639344262295082
89c2e310947ffff,4,180,0.021739130434782608
89c2e31094bffff,6,97,0.05825242718446602
89c2e31094fffff,18,156,0.10344827586206896
89c2e310953ffff,11,144,0.07096774193548387
89c2e310957ffff,7,255,0.026717557251908396
89c2e31095bffff,0,146,0.0
89c2e310963ffff,5,251,0.01953125
89c2e310967ffff,6,285,0.020618556701030927
89c2e31096bffff,1,174,0.005714285714285714
89c2e31096fffff,1,184,0.005405405405405406
89c2e310973ffff,4,250,0.015748031496062992
89c2e310977ffff,13,208,0.058823529411764705
89c2e31097bffff,3,220,0.013452914798206279
89c2e310983ffff,13,126,0.09352517985611511
89c2e310987ffff,11,202,0.051643192488262914
89c2e31098bffff,8,201,0.03827751196172249
89c2e31098fffff,6,194,0.03
89c2e310993ffff,7,191,0.03535353535353535
89c2e310997ffff,15,137,0.09868421052631579
89c2e31099bffff,3,190,0.015544041450777202
89c2e3109a3ffff,14,92,0.1320754716981132
89c2e3109a7ffff,0,37,0.0
89c2e3109abffff,9,192,0.04477611940298507
89c2e3109afffff,4,60,0.0625
89c2e3109b3ffff,7,177,0.03804347826086957
89c2e3109b7ffff,3,118,0.024793388429752067
89c2e3109bbffff,6,191,0.030456852791878174
89c2e3109c3ffff,6,149,0.03870967741935484
89c2e3109c7ffff,0,136,0.0
89c2e3109cbffff,1,152,0.006535947712418301
89c2e3109cfffff,10,158,0.05952380952380952
89c2e3109d3ffff,6,152,0.0379746835443038
89c2e3109d7ffff,5,133,0.036231884057971016
89c2e3109dbffff,10,181,0.05235602094240838
89c2e310a03ffff,4,214,0.01834862385321101
89c2e310a07ffff,3,166,0.01775147928994083
89c2e310a0bffff,7,191,0.03535353535353535
89c2e310a0fffff,2,142,0.013888888888888888
89c2e310a13ffff,6,138,0.041666666666666664
89c2e310a17ffff,25,165,0.13157894736842105
89c2e310a1bffff,5,216,0.02262443438914027
89c2e310a23ffff,38,89,0.2992125984251969
89c2e310a27ffff,62,160,0.27927927927927926
89c2e310a2bffff,7,196,0.034482758620689655
89c2e310a2fffff,11,107,0.09322033898305085
89c2e310a33ffff,10,186,0.05102040816326531
89c2e310a37ffff,32,152,0.17391304347826086
89c2e310a3bffff,8,226,0.03418803418803419
89c2e310a43ffff,9,211,0.04090909090909091
89c2e310a47ffff,6,209,0.027906976744186046
89c2e310a4bffff,21,149,0.12352941176470589
89c2e310a4fffff,6,212,0.027522935779816515
89c2e310a53ffff,7,168,0.04
89c2e310a57ffff,15,274,0.05190311418685121
89c2e310a5bffff,3,109,0.026785714285714284
89c2e310a63ffff,18,217,0.07659574468085106
89c2e310a67ffff,5,231,0.0211864406779661
89c2e310a6bffff,11,182,0.05699481865284974
89c2e310a6fffff,16,255,0.05904059040590406
89c2e310a73ffff,8,227,0.03404255319148936
89c2e310a77ffff,7,211,0.03211009174311927
89c2e310a7bffff,4,200,0.0196078431372549
89c2e310a83ffff,0,84,0.0
89c2e310a87ffff,8,137,0.05517241379310345
89c2e310a8bffff,0,17,0.0
89c2e310a8fffff,3,133,0.022058823529411766
89c2e310a97ffff,2,128,0.015384615384615385
89c2e310aa3ffff,5,165,0.029411764705882353
89c2e310aa7ffff,7,187,0.03608247422680412
89c2e310aabffff,8,168,0.045454545454545456
89c2e310aafffff,6,176,0.03296703296703297
89c2e310ab3ffff,5,186,0.02617801047120419
89c2e310ab7ffff,4,193,0.02030456852791878
89c2e310abbffff,4,187,0.020942408376963352
89c2e310ac3ffff,1,156,0.006369426751592357
89c2e310ac7ffff,12,103,0.10434782608695652
89c2e310acbffff,1,241,0.004132231404958678
89c2e310acfffff,17,208,0.07555555555555556
89c2e310ad3ffff,1,76,0.012987012987012988
89c2e310ad7ffff,0,102,0.0
89c2e310adbffff,4,187,0.020942408376963352
89c2e310b03ffff,5,136,0.03546099290780142
89c2e310b07ffff,3,155,0.0189873417721519
89c2e310b0bffff,12,213,0.05333333333333334
89c2e310b0fffff,12,240,0.047619047619047616
89c2e310b13ffff,8,191,0.04020100502512563
89c2e310b17ffff,2,205,0.00966183574879227
89c2e310b1bffff,21,183,0.10294117647058823
89c2e310b23ffff,39,201,0.1625
89c2e310b27ffff,18,218,0.07627118644067797
89c2e310b2bffff,15,232,0.06072874493927125
89c2e310b2fffff,28,147,0.16
89c2e310b33ffff,5,233,0.02100840336134454
89c2e310b37ffff,10,223,0.04291845493562232
89c2e310b3bffff,31,206,0.1308016877637131
89c2e310b43ffff,9,255,0.03409090909090909
89c2e310b47ffff,10,132,0.07042253521126761
89c2e310b4bffff,12,199,0.05687203791469194
89c2e310b4fffff,6,209,0.027906976744186046
89c2e310b53ffff,5,198,0.024630541871921183
89c2e310b57ffff,9,234,0.037037037037037035
89c2e310b5bffff,15,244,0.05791505791505792
89c2e310b63ffff,5,171,0.028409090909090908
89c2e310b67ffff,7,224,0.030303030303030304
89c2e310b6bffff,7,254,0.02681992337164751
89c2e310b6fffff,3,221,0.013392857142857142
89c2e310b73ffff,10,131,0.07092198581560284
89c2e310b77ffff,5,176,0.027624309392265192
89c2e310b7bffff,14,117,0.10687022900763359
89c2e310b83ffff,5,158,0.03067484662576687
89c2e310b87ffff,3,122,0.024
89c2e310b8bffff,6,222,0.02631578947368421
89c2e310b8fffff,10,135,0.06896551724137931
89c2e310b93ffff,8,127,0.05925925925925926
89c2e310b97ffff,2,87,0.02247191011235955
89c2e310b9bffff,7,202,0.03349282296650718
89c2e310ba3ffff,6,181,0.03208556149732621
89c2e310ba7ffff,2,187,0.010582010582010581
89c2e310babffff,7,211,0.03211009174311927
89c2e310bafffff,3,201,0.014705882352941176
89c2e310bb3ffff,2,163,0.012121212121212121
89c2e310bb7ffff,4,132,0.029411764705882353
89c2e310bbbffff,2,157,0.012578616352201259
89c2e310bc3ffff,21,192,0.09859154929577464
89c2e310bc7ffff,39,207,0.15853658536585366
89c2e310bcbffff,18,203,0.08144796380090498
89c2e310bcfffff,5,261,0.018796992481203006
89c2e310bd3ffff,8,142,0.05333333333333334
89c2e310bd7ffff,16,237,0.06324110671936758
89c2e310bdbffff,9,204,0.04225352112676056
89c2e310c03ffff,9,266,0.03272727272727273
89c2e310c07ffff,2,204,0.009708737864077669
89c2e310c0bffff,11,228,0.04602510460251046
89c2e310c0fffff,3,120,0.024390243902439025
89c2e310c13ffff,9,272,0.03202846975088968
89c2e310c17ffff,4,185,0.021164021164021163
89c2e310c1bffff,11,233,0.045081967213114756
89c2e310c23ffff,14,145,0.0880503144654088
89c2e310c27ffff,6,130,0.04411764705882353
89c2e310c2bffff,5,55,0.08333333333333333
89c2e310c2fffff,2,90,0.021739130434782608
89c2e310c33ffff,8,179,0.0427807486631016
89c2e310c37ffff,20,131,0.13245033112582782
89c2e310c3bffff,13,125,0.09420289855072464
89c2e310c43ffff,10,189,0.05025125628140704
89c2e310c47ffff,7,157,0.042682926829268296
89c2e310c4bffff,1,157,0.006329113924050633
89c2e310c4fffff,2,125,0.015748031496062992
89c2e310c53ffff,6,173,0.0335195530726257
89c2e310c57ffff,13,223,0.05508474576271186
89c2e310c5bffff,4,183,0.0213903743315508
89c2e310c63ffff,4,119,0.032520325203252036
89c2e310c6bffff,0,69,0.0
89c2e310c6fffff,0,55,0.0
89c2e310c73ffff,1,75,0.013157894736842105
89c2e310c77ffff,4,38,0.09523809523809523
89c2e310c7bffff,4,45,0.08163265306122448
89c2e310c83ffff,5,145,0.03333333333333333
89c2e310c87ffff,2,112,0.017543859649122806
89c2e310c8bffff,13,230,0.053497942386831275
89c2e310c8fffff,1,177,0.0056179775280898875
89c2e310c93ffff,5,147,0.03289473684210526
89c2e310c97ffff,10,377,0.025839793281653745
89c2e310c9bffff,1,169,0.0058823529411764705
89c2e310ca3ffff,0,120,0.0
89c2e310ca7ffff,16,97,0.1415929203539823
89c2e310cabffff,12,424,0.027522935779816515
89c2e310cafffff,14,231,0.05714285714285714
89c2e310cb3ffff,5,153,0.03164556962025317
89c2e310cb7ffff,11,192,0.054187192118226604
89c2e310cbbffff,2,162,0.012195121951219513
89c2e310cc3ffff,0,175,0.0
89c2e310cc7ffff,1,145,0.00684931506849315
89c2e310ccbffff,6,137,0.04195804195804196
89c2e310ccfffff,6,158,0.036585365853658534
89c2e310cd3ffff,6,117,0.04878048780487805
89c2e310cd7ffff,7,216,0.03139013452914798
89c2e310cdbffff,11,185,0.05612244897959184
89c2e310d03ffff,15,201,0.06944444444444445
89c2e310d07ffff,16,204,0.07272727272727272
89c2e310d0bffff,6,204,0.02857142857142857
89c2e310d0fffff,4,215,0.0182648401826484
89c2e310d13ffff,4,171,0.022857142857142857
89c2e310d17ffff,6,195,0.029850746268656716
89c2e310d1bffff,4,136,0.02857142857142857
89c2e310d23ffff,2,227,0.008733624454148471
89c2e310d27ffff,5,223,0.021929824561403508
89c2e310d2bffff,2,159,0.012422360248447204
89c2e310d2fffff,9,174,0.04918032786885246
89c2e310d33ffff,3,173,0.017045454545454544
89c2e310d37ffff,3,229,0.01293103448275862
89c2e310d3bffff,3,110,0.02654867256637168
89c2e310d43ffff,4,113,0.03418803418803419
89c2e310d47ffff,9,254,0.034220532319391636
89c2e310d4bffff,3,135,0.021739130434782608
89c2e310d4fffff,6,163,0.03550295857988166
89c2e310d53ffff,1,35,0.027777777777777776
89c2e310d57ffff,6,142,0.04054054054054054
89c2e310d63ffff,5,167,0.029069767441860465
89c2e310d67ffff,0,131,0.0
89c2e310d6bffff,6,219,0.02666666666666667
89c2e310d6fffff,7,116,0.056910569105691054
89c2e310d73ffff,5,245,0.02
89c2e310d77ffff,3,131,0.022388059701492536
89c2e310d7bffff,4,204,0.019230769230769232
89c2e310d83ffff,8,135,0.055944055944055944
89c2e310d87ffff,3,174,0.01694915254237288
89c2e310d8bffff,2,116,0.01694915254237288
89c2e310d8fffff,8,134,0.056338028169014086
89c2e310d93ffff,19,146,0.11515151515151516
89c2e310d97ffff,14,176,0.07368421052631578
89c2e310d9bffff,4,148,0.02631578947368421
89c2e310da3ffff,5,123,0.0390625
89c2e310da7ffff,2,254,0.0078125
89c2e310dabffff,1,156,0.006369426751592357
89c2e310dafffff,5,135,0.03571428571428571
89c2e310db3ffff,0,135,0.0
89c2e310db7ffff,0,106,0.0
89c2e310dbbffff,1,226,0.004405286343612335
89c2e310dc3ffff,9,135,0.0625
89c2e310dc7ffff,1,118,0.008403361344537815
89c2e310dcbffff,5,80,0.058823529411764705
89c2e310dcfffff,3,113,0.02586206896551724
89c2e310dd3ffff,7,168,0.04
89c2e310dd7ffff,5,135,0.03571428571428571
89c2e310ddbffff,13,146,0.08176100628930817
89c2e310e03ffff,2,116,0.01694915254237288
89c2e310e07ffff,1,17,0.05555555555555555
89c2e310e0bffff,1,101,0.00980392156862745
89c2e310e0fffff,0,30,0.0
89c2e310e13ffff,2,187,0.010582010582010581
89c2e310e17ffff,1,145,0.00684931506849315
89c2e310e1bffff,12,173,0.06486486486486487
89c2e310e23ffff,0,24,0.0
89c2e310e27ffff,1,188,0.005291005291005291
89c2e310e2fffff,0,17,0.0
89c2e310e33ffff,1,71,0.013888888888888888
89c2e310e37ffff,13,162,0.07428571428571429
89c2e310e43ffff,1,136,0.0072992700729927005
89c2e310e47ffff,2,143,0.013793103448275862
89c2e310e4bffff,9,130,0.06474820143884892
89c2e310e4fffff,8,87,0.08421052631578947
89c2e310e53ffff,3,126,0.023255813953488372
89c2e310e57ffff,1,85,0.011627906976744186
89c2e310e5bffff,3,144,0.02040816326530612
89c2e310e63ffff,2,35,0.05405405405405406
89c2e310e6bffff,1,133,0.007462686567164179
89c2e310e73ffff,2,129,0.015267175572519083
89c2e310e7bffff,3,197,0.015
89c2e310e83ffff,2,84,0.023255813953488372
89c2e310e87ffff,2,145,0.013605442176870748
89c2e310e8bffff,6,116,0.04918032786885246
89c2e310e8fffff,7,144,0.046357615894039736
89c2e310e93ffff,0,89,0.0
89c2e310e97ffff,7,163,0.041176470588235294
89c2e310e9bffff,1,139,0.007142857142857143
89c2e310ea3ffff,3,30,0.09090909090909091
89c2e310ea7ffff,3,97,0.03
89c2e310eabffff,6,136,0.04225352112676056
89c2e310eafffff,13,193,0.06310679611650485
89c2e310eb3ffff,1,159,0.00625
89c2e310eb7ffff,1,12,0.07692307692307693
89c2e310ebbffff,1,158,0.006289308176100629
89c2e310ec3ffff,5,204,0.023923444976076555
89c2e310ec7ffff,8,179,0.0427807486631016
89c2e310ecbffff,2,173,0.011428571428571429
89c2e310ecfffff,1,140,0.0070921985815602835
89c2e310ed3ffff,8,167,0.045714285714285714
89c2e310ed7ffff,5,121,0.03968253968253968
89c2e310edbffff,3,228,0.012987012987012988
89c2e311003ffff,9,13,0.4090909090909091
89c2e311007ffff,0,73,0.0
89c2e31100bffff,2,141,0.013986013986013986
89c2e31100fffff,11,87,0.11224489795918367
89c2e311013ffff,0,17,0.0
89c2e311017ffff,0,39,0.0
89c2e31101bffff,6,144,0.04
89c2e311023ffff,18,149,0.10778443113772455
89c2e311027ffff,2,103,0.01904761904761905
89c2e31102bffff,27,69,0.28125
89c2e31102fffff,14,159,0.08092485549132948
89c2e311033ffff,2,186,0.010638297872340425
89c2e311037ffff,10,79,0.11235955056179775
89c2e31103bffff,8,61,0.11594202898550725
89c2e311043ffff,7,75,0.08536585365853659
89c2e311047ffff,15,60,0.2
89c2e31104bffff,2,157,0.012578616352201259
89c2e31104fffff,2,53,0.03636363636363636
89c2e311053ffff,9,150,0.05660377358490566
89c2e311057ffff,5,242,0.020242914979757085
89c2e31105bffff,8,86,0.0851063829787234
89c2e311063ffff,1,60,0.01639344262295082
89c2e311067ffff,7,36,0.16279069767441862
89c2e31106bffff,9,51,0.15
89c2e31106fffff,3,32,0.08571428571428572
89c2e311073ffff,7,125,0.05303030303030303
89c2e311077ffff,7,96,0.06796116504854369
89c2e31107bffff,8,62,0.11428571428571428
89c2e311083ffff,4,121,0.032
89c2e311087ffff,0,123,0.0
89c2e31108bffff,0,36,0.0
89c2e31108fffff,2,135,0.014598540145985401
89c2e311093ffff,0,1,0.0
89c2e311097ffff,0,46,0.0
89c2e31109bffff,0,41,0.0
89c2e3110a3ffff,2,118,0.016666666666666666
89c2e3110a7ffff,4,166,0.023529411764705882
89c2e3110abffff,1,140,0.0070921985815602835
89c2e3110afffff,1,123,0.008064516129032258
89c2e3110b3ffff,1,150,0.006622516556291391
89c2e3110b7ffff,1,120,0.008264462809917356
89c2e3110bbffff,1,106,0.009345794392523364
89c2e3110c3ffff,2,71,0.0273972602739726
89c2e3110c7ffff,14,138,0.09210526315789473
89c2e3110cbffff,18,124,0.1267605633802817
89c2e3110cfffff,2,177,0.0111731843575419
89c2e3110d3ffff,9,120,0.06976744186046512
89c2e3110d7ffff,2,85,0.022988505747126436
89c2e3110dbffff,21,123,0.14583333333333334
89c2e311103ffff,4,191,0.020512820512820513
89c2e311107ffff,3,171,0.017241379310344827
89c2e31110bffff,6,273,0.021505376344086023
89c2e31110fffff,14,208,0.06306306306306306
89c2e311113ffff,9,153,0.05555555555555555
89c2e311117ffff,0,170,0.0
89c2e31111bffff,4,169,0.023121387283236993
89c2e311123ffff,4,80,0.047619047619047616
89c2e311127ffff,0,33,0.0
89c2e31112bffff,9,91,0.09
89c2e31112fffff,1,21,0.045454545454545456
89c2e311133ffff,0,208,0.0
89c2e311137ffff,1,91,0.010869565217391304
89c2e31113bffff,6,166,0.03488372093023256
89c2e311143ffff,1,187,0.005319148936170213
89c2e311147ffff,4,162,0.024096385542168676
89c2e31114bffff,1,35,0.027777777777777776
89c2e31114fffff,34,119,0.2222222222222222
89c2e311153ffff,13,137,0.08666666666666667
89c2e311157ffff,0,173,0.0
89c2e31115bffff,17,96,0.1504424778761062
89c2e311163ffff,8,193,0.03980099502487562
89c2e311167ffff,5,128,0.03759398496240601
89c2e31116bffff,5,70,0.06666666666666667
89c2e31116fffff,0,107,0.0
89c2e311173ffff,1,246,0.004048582995951417
89c2e311177ffff,3,206,0.014354066985645933
89c2e31117bffff,4,171,0.022857142857142857
89c2e311183ffff,1,243,0.004098360655737705
89c2e311187ffff,4,163,0.023952095808383235
89c2e31118bffff,3,233,0.012711864406779662
89c2e31118fffff,4,172,0.022727272727272728
89c2e311193ffff,14,120,0.1044776119402985
89c2e311197ffff,2,189,0.010471204188481676
89c2e31119bffff,22,171,0.11398963730569948
89c2e3111a3ffff,5,149,0.032467532467532464
89c2e3111a7ffff,1,215,0.004629629629629629
89c2e3111abffff,6,171,0.03389830508474576
89c2e3111afffff,2,157,0.012578616352201259
89c2e3111b3ffff,3,206,0.014354066985645933
89c2e3111b7ffff,13,179,0.06770833333333333
89c2e3111bbffff,0,168,0.0
89c2e3111c3ffff,3,175,0.016853932584269662
89c2e3111c7ffff,3,218,0.013574660633484163
89c2e3111cbffff,2,235,0.008438818565400843
89c2e3111cfffff,6,167,0.03468208092485549
89c2e3111d3ffff,15,144,0.09433962264150944
89c2e3111d7ffff,10,186,0.05102040816326531
89c2e3111dbffff,11,101,0.09821428571428571
89c2e311207ffff,60,44,0.5769230769230769
89c2e31120bffff,0,9,0.0
89c2e31120fffff,8,1,0.8888888888888888
89c2e311223ffff,0,43,0.0
89c2e311227ffff,0,165,0.0
89c2e31122bffff,7,46,0.1320754716981132
89c2e31122fffff,18,63,0.2222222222222222
89c2e311233ffff,0,70,0.0
89c2e311237ffff,0,93,0.0
89c2e31123bffff,36,65,0.3564356435643564
89c2e311283ffff,14,208,0.06306306306306306
89c2e311287ffff,0,77,0.0
89c2e31128bffff,12,22,0.35294117647058826
89c2e31128fffff,0,42,0.0
89c2e311293ffff,2,124,0.015873015873015872
89c2e311297ffff,0,118,0.0
89c2e31129bffff,8,130,0.057971014492753624
89c2e3112a3ffff,14,85,0.1414141414141414
89c2e3112a7ffff,0,49,0.0
89c2e3112abffff,16,29,0.35555555555555557
89c2e3112afffff,22,80,0.21568627450980393
89c2e3112b3ffff,24,135,0.1509433962264151
89c2e3112b7ffff,2,45,0.0425531914893617
89c2e3112bbffff,15,5,0.75
89c2e3112d7ffff,0,11,0.0
89c2e311303ffff,0,30,0.0
89c2e311307ffff,22,26,0.4583333333333333
89c2e31130bffff,22,88,0.2
89c2e31130fffff,18,47,0.27692307692307694
89c2e311313ffff,27,26,0.5094339622641509
89c2e311317ffff,24,7,0.7741935483870968
89c2e31131bffff,35,18,0.660377358490566
89c2e311323ffff,9,8,0.5294117647058824
89c2e311327ffff,2,85,0.022988505747126436
89c2e31132bffff,21,53,0.28378378378378377
89c2e31132fffff,22,43,0.3384615384615385
89c2e311333ffff,6,0,1.0
89c2e311337ffff,0,1,0.0
89c2e31133bffff,13,32,0.28888888888888886
89c2e311343ffff,1,31,0.03125
89c2e311347ffff,0,10,0.0
89c2e31134bffff,2,48,0.04
89c2e31134fffff,0,7,0.0
89c2e311353ffff,6,70,0.07894736842105263
89c2e311357ffff,0,20,0.0
89c2e31135bffff,33,78,0.2972972972972973
89c2e311363ffff,9,72,0.1111111111111111
89c2e311367ffff,7,77,0.08333333333333333
89c2e31136bffff,3,50,0.05660377358490566
89c2e31136fffff,0,67,0.0
89c2e311373ffff,32,78,0.2909090909090909
89c2e311377ffff,39,91,0.3
89c2e31137bffff,0,41,0.0
89c2e311383ffff,15,45,0.25
89c2e311387ffff,13,31,0.29545454545454547
89c2e31138bffff,0,13,0.0
89c2e31138fffff,28,12,0.7
89c2e311393ffff,4,32,0.1111111111111111
89c2e311397ffff,5,90,0.05263157894736842
89c2e31139bffff,10,71,0.12345679012345678
89c2e3113a3ffff,2,32,0.058823529411764705
89c2e3113a7ffff,0,27,0.0
89c2e3113abffff,1,60,0.01639344262295082
89c2e3113afffff,0,1,0.0
89c2e3113b3ffff,21,11,0.65625
89c2e3113b7ffff,0,44,0.0
89c2e3113c3ffff,3,51,0.05555555555555555
89c2e3113c7ffff,21,38,0.3559322033898305
89c2e3113cbffff,1,92,0.010752688172043012
89c2e3113cfffff,8,44,0.15384615384615385
89c2e3113d3ffff,2,52,0.037037037037037035
89c2e3113d7ffff,18,54,0.25
89c2e3113dbffff,24,67,0.26373626373626374
89c2e311403ffff,0,128,0.0
89c2e311407ffff,0,54,0.0
89c2e31140bffff,31,174,0.15121951219512195
89c2e31140fffff,3,123,0.023809523809523808
89c2e311413ffff,4,161,0.024242424242424242
89c2e311417ffff,1,46,0.02127659574468085
89c2e31141bffff,1,94,0.010526315789473684
89c2e311423ffff,0,83,0.0
89c2e311427ffff,3,182,0.016216216216216217
89c2e31142bffff,0,65,0.0
89c2e31142fffff,0,31,0.0
89c2e311433ffff,0,27,0.0
89c2e311437ffff,1,167,0.005952380952380952
89c2e311443ffff,2,122,0.016129032258064516
89c2e311447ffff,4,165,0.023668639053254437
89c2e31144bffff,2,147,0.013422818791946308
89c2e31144fffff,3,143,0.02054794520547945
89c2e311453ffff,5,170,0.02857142857142857
89c2e311457ffff,54,69,0.43902439024390244
89c2e31145bffff,2,171,0.011560693641618497
89c2e311463ffff,4,93,0.041237113402061855
89c2e311467ffff,1,75,0.013157894736842105
89c2e31146bffff,8,176,0.043478260869565216
89c2e31146fffff,3,50,0.05660377358490566
89c2e311473ffff,9,93,0.08823529411764706
89c2e311477ffff,3,121,0.024193548387096774
89c2e31147bffff,3,122,0.024
89c2e311483ffff,5,178,0.0273224043715847
89c2e311487ffff,3,242,0.012244897959183673
89c2e31148bffff,2,170,0.011627906976744186
89c2e31148fffff,2,177,0.0111731843575419
89c2e311493ffff,6,142,0.04054054054054054
89c2e311497ffff,9,173,0.04945054945054945
89c2e31149bffff,7,140,0.047619047619047616
89c2e3114a3ffff,0,83,0.0
89c2e3114abffff,0,65,0.0
89c2e3114afffff,0,114,0.0
89c2e3114b3ffff,1,119,0.008333333333333333
89c2e3114bbffff,3,138,0.02127659574468085
89c2e3114c3ffff,7,59,0.10606060606060606
89c2e3114c7ffff,0,165,0.0
89c2e3114cbffff,0,50,0.0
89c2e3114cfffff,23,71,0.24468085106382978
89c2e3114d3ffff,3,95,0.030612244897959183
89c2e3114d7ffff,0,201,0.0
89c2e3114dbffff,3,27,0.1
89c2e311503ffff,5,158,0.03067484662576687
89c2e311507ffff,9,210,0.0410958904109589
89c2e31150bffff,0,165,0.0
89c2e31150fffff,8,127,0.05925925925925926
89c2e311513ffff,9,158,0.05389221556886228
89c2e311517ffff,9,172,0.049723756906077346
89c2e31151bffff,1,161,0.006172839506172839
89c2e311523ffff,4,171,0.022857142857142857
89c2e311527ffff,49,147,0.25
89c2e31152bffff,5,172,0.02824858757062147
89c2e31152fffff,20,120,0.14285714285714285
89c2e311533ffff,0,161,0.0
89c2e311537ffff,6,172,0.033707865168539325
89c2e31153bffff,4,163,0.023952095808383235
89c2e311543ffff,7,157,0.042682926829268296
89c2e311547ffff,0,39,0.0
89c2e31154bffff,0,200,0.0
89c2e31154fffff,13,97,0.11818181818181818
89c2e311553ffff,9,201,0.04285714285714286
89c2e311557ffff,0,65,0.0
89c2e31155bffff,2,189,0.010471204188481676
89c2e311563ffff,3,139,0.02112676056338028
89c2e311567ffff,6,160,0.03614457831325301
89c2e31156bffff,10,186,0.05102040816326531
89c2e31156fffff,11,141,0.07236842105263158
89c2e311573ffff,0,79,0.0
89c2e311577ffff,6,170,0.03409090909090909
89c2e31157bffff,4,7,0.36363636363636365
89c2e311583ffff,5,173,0.028089887640449437
89c2e311587ffff,0,111,0.0
89c2e31158bffff,3,137,0.02142857142857143
89c2e31158fffff,10,176,0.053763440860215055
89c2e311593ffff,4,149,0.026143790849673203
89c2e311597ffff,2,113,0.017391304347826087
89c2e31159bffff,5,150,0.03225806451612903
89c2e3115a3ffff,8,177,0.043243243243243246
89c2e3115a7ffff,12,204,0.05555555555555555
89c2e3115abffff,0,134,0.0
89c2e3115afffff,3,206,0.014354066985645933
89c2e3115b3ffff,1,177,0.0056179775280898875
89c2e3115b7ffff,7,116,0.056910569105691054
89c2e3115bbffff,3,151,0.01948051948051948
89c2e3115c3ffff,1,33,0.029411764705882353
89c2e3115c7ffff,9,143,0.05921052631578947
89c2e3115cbffff,2,112,0.017543859649122806
89c2e3115cfffff,13,125,0.09420289855072464
89c2e3115d3ffff,6,109,0.05217391304347826
89c2e3115d7ffff,5,149,0.032467532467532464
89c2e3115dbffff,0,6,0.0
89c2e311603ffff,38,50,0.4318181818181818
89c2e311607ffff,3,160,0.018404907975460124
89c2e31160bffff,19,19,0.5
89c2e31160fffff,14,167,0.07734806629834254
89c2e311613ffff,0,52,0.0
89c2e311617ffff,13,101,0.11403508771929824
89c2e311623ffff,1,88,0.011235955056179775
89c2e311627ffff,3,134,0.021897810218978103
89c2e31162bffff,6,164,0.03529411764705882
89c2e31162fffff,5,134,0.03597122302158273
89c2e311633ffff,3,59,0.04838709677419355
89c2e311637ffff,3,125,0.0234375
89c2e31163bffff,6,162,0.03571428571428571
89c2e311663ffff,0,120,0.0
89c2e311667ffff,6,145,0.039735099337748346
89c2e31166bffff,0,8,0.0
89c2e31166fffff,2,160,0.012345679012345678
89c2e311673ffff,2,67,0.028985507246376812
89c2e311677ffff,3,113,0.02586206896551724
89c2e31167bffff,0,17,0.0
89c2e311683ffff,5,173,0.028089887640449437
89c2e311687ffff,6,125,0.04580152671755725
89c2e31168bffff,0,143,0.0
89c2e31168fffff,4,166,0.023529411764705882
89c2e311693ffff,0,26,0.0
89c2e311697ffff,3,170,0.017341040462427744
89c2e31169bffff,0,22,0.0
89c2e3116a3ffff,10,144,0.06493506493506493
89c2e3116a7ffff,20,132,0.13157894736842105
89c2e3116abffff,5,177,0.027472527472527472
89c2e3116afffff,12,133,0.08275862068965517
89c2e3116b3ffff,5,139,0.034722222222222224
89c2e3116b7ffff,10,123,0.07518796992481203
89c2e3116bbffff,6,160,0.03614457831325301
89c2e3116c7ffff,0,4,0.0
89c2e3116d7ffff,0,8,0.0
89c2e311803ffff,6,141,0.04081632653061224
89c2e311807ffff,6,168,0.034482758620689655
89c2e31180bffff,1,169,0.0058823529411764705
89c2e31180fffff,8,63,0.11267605633802817
89c2e311813ffff,8,226,0.03418803418803419
89c2e311817ffff,11,162,0.06358381502890173
89c2e31181bffff,13,129,0.09154929577464789
89c2e311823ffff,11,136,0.07482993197278912
89c2e311827ffff,0,105,0.0
89c2e31182fffff,0,170,0.0
89c2e311833ffff,6,162,0.03571428571428571
89c2e311837ffff,5,237,0.02066115702479339
89c2e31183bffff,4,84,0.045454545454545456
89c2e311843ffff,2,178,0.011111111111111112
89c2e311847ffff,5,189,0.02577319587628866
89c2e31184bffff,1,157,0.006329113924050633
89c2e31184fffff,6,18,0.25
89c2e311853ffff,2,175,0.011299435028248588
89c2e311857ffff,4,148,0.02631578947368421
89c2e31185bffff,4,148,0.02631578947368421
89c2e311863ffff,8,172,0.044444444444444446
89c2e311867ffff,0,23,0.0
89c2e31186bffff,14,158,0.08139534883720931
89c2e31186fffff,4,122,0.031746031746031744
89c2e311873ffff,31,147,0.17415730337078653
89c2e311877ffff,0,58,0.0
89c2e31187bffff,21,145,0.12650602409638553
89c2e311883ffff,7,172,0.03910614525139665
89c2e311887ffff,2,221,0.008968609865470852
89c2e31188bffff,2,204,0.009708737864077669
89c2e31188fffff,9,222,0.03896103896103896
89c2e311893ffff,1,189,0.005263157894736842
89c2e311897ffff,8,263,0.02952029520295203
89c2e31189bffff,1,163,0.006097560975609756
89c2e3118a3ffff,10,216,0.04424778761061947
89c2e3118a7ffff,2,254,0.0078125
89c2e3118abffff,4,189,0.02072538860103627
89c2e3118afffff,4,224,0.017543859649122806
89c2e3118b3ffff,12,170,0.06593406593406594
89c2e3118b7ffff,7,241,0.028225806451612902
89c2e3118bbffff,4,192,0.02040816326530612
89c2e3118c3ffff,1,211,0.0047169811320754715
89c2e3118c7ffff,2,208,0.009523809523809525
89c2e3118cbffff,4,157,0.024844720496894408
89c2e3118cfffff,8,185,0.04145077720207254
89c2e3118d3ffff,5,172,0.02824858757062147
89c2e3118d7ffff,9,195,0.04411764705882353
89c2e3118dbffff,2,136,0.014492753623188406
89c2e311903ffff,8,103,0.07207207207207207
89c2e311907ffff,45,137,0.24725274725274726
89c2e31190bffff,13,73,0.1511627906976744
89c2e31190fffff,8,28,0.2222222222222222
89c2e311913ffff,3,196,0.01507537688442211
89c2e311917ffff,9,205,0.04205607476635514
89c2e31191bffff,7,170,0.03954802259887006
89c2e311923ffff,2,241,0.00823045267489712
89c2e311927ffff,8,219,0.03524229074889868
89c2e31192bffff,0,164,0.0
89c2e31192fffff,2,119,0.01652892561983471
89c2e311933ffff,27,136,0.1656441717791411
89c2e311937ffff,18,121,0.12949640287769784
89c2e31193bffff,15,116,0.11450381679389313
89c2e311943ffff,0,8,0.0
89c2e311947ffff,10,219,0.043668122270742356
89c2e31194bffff,0,101,0.0
89c2e31194fffff,1,145,0.00684931506849315
89c2e311953ffff,12,65,0.15584415584415584
89c2e311957ffff,40,82,0.32786885245901637
89c2e31195bffff,0,21,0.0
89c2e311963ffff,16,169,0.08648648648648649
89c2e311967ffff,26,193,0.1187214611872146
89c2e31196bffff,3,130,0.022556390977443608
89c2e31196fffff,4,191,0.020512820512820513
89c2e311973ffff,26,72,0.2653061224489796
89c2e311977ffff,14,26,0.35
89c2e31197bffff,2,140,0.014084507042253521
89c2e311983ffff,12,203,0.05581395348837209
89c2e311987ffff,42,180,0.1891891891891892
89c2e31198bffff,8,242,0.032
89c2e31198fffff,3,251,0.011811023622047244
89c2e311993ffff,13,231,0.05327868852459016
89c2e311997ffff,4,88,0.043478260869565216
89c2e31199bffff,11,225,0.046610169491525424
89c2e3119a3ffff,2,207,0.009569377990430622
89c2e3119a7ffff,5,191,0.025510204081632654
89c2e3119abffff,4,184,0.02127659574468085
89c2e3119afffff,11,171,0.06043956043956044
89c2e3119b3ffff,7,229,0.029661016949152543
89c2e3119b7ffff,10,181,0.05235602094240838
89c2e3119bbffff,0,81,0.0
89c2e3119c3ffff,1,189,0.005263157894736842
89c2e3119c7ffff,5,238,0.0205761316872428
89c2e3119cbffff,3,117,0.025
89c2e3119cfffff,2,206,0.009615384615384616
89c2e3119d3ffff,1,80,0.012345679012345678
89c2e3119d7ffff,0,204,0.0
89c2e3119dbffff,5,140,0.034482758620689655
89c2e311a03ffff,4,4,0.5
89c2e311a07ffff,107,108,0.49767441860465117
89c2e311a0fffff,25,28,0.4716981132075472
89c2e311a13ffff,2,22,0.08333333333333333
89c2e311a17ffff,12,28,0.3
89c2e311a23ffff,30,65,0.3157894736842105
89c2e311a33ffff,112,90,0.5544554455445545
89c2e311a37ffff,61,75,0.4485294117647059
89c2e311a3bffff,55,71,0.4365079365079365
89c2e311a6fffff,0,36,0.0
89c2e311a83ffff,18,197,0.08372093023255814
89c2e311a87ffff,52,93,0.3586206896551724
89c2e311a8bffff,38,139,0.21468926553672316
89c2e311a8fffff,7,94,0.06930693069306931
89c2e311a93ffff,1,175,0.005681818181818182
89c2e311a97ffff,19,156,0.10857142857142857
89c2e311a9bffff,9,75,0.10714285714285714
89c2e311aa3ffff,0,187,0.0
89c2e311aa7ffff,1,157,0.006329113924050633
89c2e311aabffff,19,168,0.10160427807486631
89c2e311aafffff,28,123,0.18543046357615894
89c2e311ab3ffff,14,159,0.08092485549132948
89c2e311ab7ffff,9,156,0.05454545454545454
89c2e311abbffff,9,156,0.05454545454545454
89c2e311ac3ffff,14,21,0.4
89c2e311ac7ffff,21,72,0.22580645161290322
89c2e311acbffff,0,59,0.0
89c2e311acfffff,0,22,0.0
89c2e311ad3ffff,40,93,0.3007518796992481
89c2e311ad7ffff,6,76,0.07317073170731707
89c2e311adbffff,27,101,0.2109375
89c2e311b03ffff,0,1,0.0
89c2e311b07ffff,0,11,0.0
89c2e311b0fffff,0,3,0.0
89c2e311b23ffff,0,49,0.0
89c2e311b3bffff,0,9,0.0
89c2e311b57ffff,42,0,1.0
89c2e311b67ffff,0,23,0.0
89c2e311b73ffff,1,47,0.020833333333333332
89c2e311b83ffff,5,106,0.04504504504504504
89c2e311b87ffff,5,151,0.03205128205128205
89c2e311b8bffff,24,59,0.2891566265060241
89c2e311b8fffff,1,79,0.0125
89c2e311b93ffff,0,10,0.0
89c2e311b97ffff,7,201,0.03365384615384615
89c2e311ba3ffff,1,70,0.014084507042253521
89c2e311bb3ffff,0,32,0.0
89c2e311bbbffff,5,293,0.016778523489932886
89c2e311bcbffff,8,18,0.3076923076923077
89c2e311bcfffff,0,1,0.0
89c2e311bd3ffff,5,106,0.04504504504504504
89c2e311bd7ffff,5,46,0.09803921568627451
89c2e311bdbffff,1,38,0.02564102564102564
89c2e311c03ffff,9,130,0.06474820143884892
89c2e311c07ffff,1,115,0.008620689655172414
89c2e311c0bffff,2,147,0.013422818791946308
89c2e311c0fffff,3,139,0.02112676056338028
89c2e311c13ffff,4,206,0.01904761904761905
89c2e311c17ffff,1,112,0.008849557522123894
89c2e311c1bffff,6,184,0.031578947368421054
89c2e311c23ffff,14,137,0.09271523178807947
89c2e311c27ffff,4,110,0.03508771929824561
89c2e311c2bffff,6,122,0.046875
89c2e311c2fffff,6,191,0.030456852791878174
89c2e311c33ffff,7,131,0.050724637681159424
89c2e311c37ffff,12,144,0.07692307692307693
89c2e311c3bffff,11,173,0.059782608695652176
89c2e311c43ffff,0,69,0.0
89c2e311c47ffff,2,156,0.012658227848101266
89c2e311c4bffff,0,133,0.0
89c2e311c4fffff,2,139,0.014184397163120567
89c2e311c53ffff,2,126,0.015625
89c2e311c57ffff,3,118,0.024793388429752067
89c2e311c5bffff,0,114,0.0
89c2e311c63ffff,8,131,0.05755395683453238
89c2e311c67ffff,2,135,0.014598540145985401
89c2e311c6bffff,6,124,0.046153846153846156
89c2e311c6fffff,2,134,0.014705882352941176
89c2e311c73ffff,14,203,0.06451612903225806
89c2e311c77ffff,2,171,0.011560693641618497
89c2e311c7bffff,8,215,0.03587443946188341
89c2e311c83ffff,4,119,0.032520325203252036
89c2e311c87ffff,1,132,0.007518796992481203
89c2e311c8bffff,1,107,0.009259259259259259
89c2e311c8fffff,0,136,0.0
89c2e311c93ffff,3,112,0.02608695652173913
89c2e311c97ffff,0,110,0.0
89c2e311c9bffff,0,81,0.0
89c2e311ca3ffff,5,124,0.03875968992248062
89c2e311ca7ffff,2,103,0.01904761904761905
89c2e311cabffff,6,76,0.07317073170731707
89c2e311cafffff,5,126,0.03816793893129771
89c2e311cb3ffff,7,125,0.05303030303030303
89c2e311cb7ffff,3,161,0.018292682926829267
89c2e311cbbffff,3,129,0.022727272727272728
89c2e311cc3ffff,1,117,0.00847457627118644
89c2e311cc7ffff,3,138,0.02127659574468085
89c2e311ccbffff,10,51,0.16393442622950818
89c2e311ccfffff,1,120,0.008264462809917356
89c2e311cd3ffff,2,192,0.010309278350515464
89c2e311cd7ffff,4,129,0.03007518796992481
89c2e311cdbffff,0,138,0.0
89c2e311d03ffff,1,207,0.004807692307692308
89c2e311d07ffff,8,185,0.04145077720207254
89c2e311d0bffff,12,146,0.0759493670886076
89c2e311d0fffff,9,167,0.05113636363636364
89c2e311d13ffff,8,138,0.0547945205479452
89c2e311d17ffff,5,104,0.045871559633027525
89c2e311d1bffff,2,151,0.013071895424836602
89c2e311d23ffff,3,198,0.014925373134328358
89c2e311d27ffff,2,193,0.010256410256410256
89c2e311d2bffff,7,127,0.05223880597014925
89c2e311d2fffff,10,165,0.05714285714285714
89c2e311d33ffff,3,220,0.013452914798206279
89c2e311d37ffff,6,201,0.028985507246376812
89c2e311d3bffff,4,164,0.023809523809523808
89c2e311d43ffff,12,201,0.056338028169014086
89c2e311d47ffff,3,196,0.01507537688442211
89c2e311d4bffff,5,174,0.027932960893854747
89c2e311d4fffff,23,208,0.09956709956709957
89c2e311d53ffff,10,117,0.07874015748031496
89c2e311d57ffff,10,165,0.05714285714285714
89c2e311d5bffff,6,160,0.03614457831325301
89c2e311d63ffff,0,119,0.0
89c2e311d67ffff,2,201,0.009852216748768473
89c2e311d6bffff,3,118,0.024793388429752067
89c2e311d6fffff,2,173,0.011428571428571429
89c2e311d73ffff,2,153,0.012903225806451613
89c2e311d77ffff,6,139,0.041379310344827586
89c2e311d7bffff,8,220,0.03508771929824561
89c2e311d83ffff,34,114,0.22972972972972974
89c2e311d87ffff,15,88,0.14563106796116504
89c2e311d8bffff,3,143,0.02054794520547945
89c2e311d8fffff,7,150,0.044585987261146494
89c2e311d93ffff,0,171,0.0
89c2e311d97ffff,6,152,0.0379746835443038
89c2e311d9bffff,30,111,0.2127659574468085
89c2e311da3ffff,5,95,0.05
89c2e311da7ffff,26,114,0.18571428571428572
89c2e311dabffff,5,177,0.027472527472527472
89c2e311dafffff,4,191,0.020512820512820513
89c2e311db3ffff,2,102,0.019230769230769232
89c2e311db7ffff,12,167,0.0670391061452514
89c2e311dbbffff,12,103,0.10434782608695652
89c2e311dc3ffff,6,168,0.034482758620689655
89c2e311dc7ffff,3,143,0.02054794520547945
89c2e311dcbffff,2,192,0.010309278350515464
89c2e311dcfffff,7,162,0.04142011834319527
89c2e311dd3ffff,5,119,0.04032258064516129
89c2e311dd7ffff,3,168,0.017543859649122806
89c2e311ddbffff,7,124,0.05343511450381679
89c2e311e03ffff,5,96,0.04950495049504951
89c2e311e07ffff,1,67,0.014705882352941176
89c2e311e0bffff,2,97,0.020202020202020204
89c2e311e0fffff,0,115,0.0
89c2e311e13ffff,8,102,0.07272727272727272
89c2e311e17ffff,16,84,0.16
89c2e311e1bffff,20,64,0.23809523809523808
89c2e311e23ffff,6,166,0.03488372093023256
89c2e311e27ffff,3,191,0.015463917525773196
89c2e311e2bffff,6,163,0.03550295857988166
89c2e311e2fffff,3,170,0.017341040462427744
89c2e311e33ffff,3,84,0.034482758620689655
89c2e311e37ffff,6,119,0.048
89c2e311e3bffff,8,147,0.05161290322580645
89c2e311e43ffff,11,93,0.10576923076923077
89c2e311e47ffff,15,46,0.2459016393442623
89c2e311e4bffff,0,21,0.0
89c2e311e4fffff,28,60,0.3181818181818182
89c2e311e53ffff,0,43,0.0
89c2e311e57ffff,2,86,0.022727272727272728
89c2e311e5bffff,27,87,0.23684210526315788
89c2e311e63ffff,17,134,0.11258278145695365
89c2e311e67ffff,2,183,0.010810810810810811
89c2e311e6bffff,31,114,0.21379310344827587
89c2e311e6fffff,11,123,0.08208955223880597
89c2e311e73ffff,2,89,0.02197802197802198
89c2e311e77ffff,8,163,0.04678362573099415
89c2e311e7bffff,14,139,0.0915032679738562
89c2e311e83ffff,0,58,0.0
89c2e311e87ffff,1,55,0.017857142857142856
89c2e311e8bffff,0,108,0.0
89c2e311e8fffff,2,100,0.0196078431372549
89c2e311e93ffff,1,20,0.047619047619047616
89c2e311e97ffff,12,49,0.19672131147540983
89c2e311e9bffff,4,67,0.056338028169014086
89c2e311ea3ffff,3,91,0.031914893617021274
89c2e311ea7ffff,3,144,0.02040816326530612
89c2e311eabffff,8,123,0.061068702290076333
89c2e311eafffff,2,123,0.016
89c2e311eb3ffff,0,235,0.0
89c2e311eb7ffff,3,104,0.028037383177570093
89c2e311ebbffff,6,118,0.04838709677419355
89c2e311ec3ffff,7,69,0.09210526315789473
89c2e311ec7ffff,2,122,0.016129032258064516
89c2e311ecbffff,1,43,0.022727272727272728
89c2e311ecfffff,12,71,0.14457831325301204
89c2e311ed3ffff,9,50,0.15254237288135594
89c2e311ed7ffff,7,116,0.056910569105691054
89c2e311edbffff,0,18,0.0
89c2e312023ffff,0,107,0.0
89c2e312027ffff,0,1,0.0
89c2e31202bffff,0,34,0.0
89c2e31202fffff,5,44,0.10204081632653061
89c2e312033ffff,0,4,0.0
89c2e31203bffff,0,10,0.0
89c2e312087ffff,6,149,0.03870967741935484
89c2e31208bffff,0,11,0.0
89c2e312097ffff,10,50,0.16666666666666666
89c2e31209bffff,0,1,0.0
89c2e3120a3ffff,2,128,0.015384615384615385
89c2e3120a7ffff,1,89,0.011111111111111112
89c2e3120abffff,3,83,0.03488372093023256
89c2e3120afffff,0,50,0.0
89c2e3120b3ffff,7,203,0.03333333333333333
89c2e3120b7ffff,0,81,0.0
89c2e3120bbffff,3,72,0.04
89c2e3120c7ffff,1,0,1.0
89c2e312103ffff,4,209,0.018779342723004695
89c2e312107ffff,7,197,0.03431372549019608
89c2e31210bffff,11,243,0.04330708661417323
89c2e31210fffff,7,226,0.030042918454935622
89c2e312113ffff,1,219,0.004545454545454545
89c2e312117ffff,2,214,0.009259259259259259
89c2e31211bffff,4,187,0.020942408376963352
89c2e312123ffff,9,158,0.05389221556886228
89c2e312127ffff,7,179,0.03763440860215054
89c2e31212bffff,8,190,0.04040404040404041
89c2e31212fffff,7,213,0.031818181818181815
89c2e312133ffff,6,249,0.023529411764705882
89c2e312137ffff,4,185,0.021164021164021163
89c2e31213bffff,2,188,0.010526315789473684
89c2e312143ffff,4,59,0.06349206349206349
89c2e312147ffff,6,225,0.025974025974025976
89c2e31214bffff,17,180,0.08629441624365482
89c2e31214fffff,10,181,0.05235602094240838
89c2e312157ffff,1,131,0.007575757575757576
89c2e31215bffff,0,41,0.0
89c2e312163ffff,15,180,0.07692307692307693
89c2e312167ffff,21,135,0.1346153846153846
89c2e31216bffff,11,22,0.3333333333333333
89c2e312173ffff,2,283,0.007017543859649123
89c2e312177ffff,15,213,0.06578947368421052
89c2e31217bffff,8,192,0.04
89c2e312183ffff,1,197,0.005050505050505051
89c2e312187ffff,5,179,0.02717391304347826
89c2e31218bffff,2,124,0.015873015873015872
89c2e31218fffff,2,206,0.009615384615384616
89c2e312193ffff,0,206,0.0
89c2e312197ffff,3,159,0.018518518518518517
89c2e31219bffff,5,199,0.024509803921568627
89c2e3121a3ffff,3,195,0.015151515151515152
89c2e3121a7ffff,1,194,0.005128205128205128
89c2e3121abffff,0,207,0.0
89c2e3121afffff,5,234,0.02092050209205021
89c2e3121b3ffff,0,180,0.0
89c2e3121b7ffff,5,198,0.024630541871921183
89c2e3121bbffff,4,144,0.02702702702702703
89c2e3121c3ffff,8,196,0.0392156862745098
89c2e3121c7ffff,3,213,0.013888888888888888
89c2e3121cbffff,3,63,0.045454545454545456
89c2e3121cfffff,1,111,0.008928571428571428
89c2e3121d3ffff,1,261,0.003816793893129771
89c2e3121d7ffff,4,223,0.01762114537444934
89c2e3121dbffff,0,82,0.0
89c2e312203ffff,5,110,0.043478260869565216
89c2e312207ffff,2,69,0.028169014084507043
89c2e31220bffff,8,171,0.0446927374301676
89c2e31220fffff,0,92,0.0
89c2e312213ffff,1,23,0.041666666666666664
89c2e312217ffff,0,7,0.0
89c2e31221bffff,5,141,0.03424657534246575
89c2e31222bffff,0,50,0.0
89c2e312233ffff,0,1,0.0
89c2e31223bffff,2,77,0.02531645569620253
89c2e312243ffff,0,111,0.0
89c2e312247ffff,3,154,0.01910828025477707
89c2e31224bffff,2,68,0.02857142857142857
89c2e31224fffff,6,172,0.033707865168539325
89c2e312253ffff,1,63,0.015625
89c2e312257ffff,4,197,0.01990049751243781
89c2e31225bffff,2,149,0.013245033112582781
89c2e312263ffff,17,27,0.38636363636363635
89c2e31226bffff,0,73,0.0
89c2e312273ffff,2,72,0.02702702702702703
89c2e312277ffff,3,62,0.046153846153846156
89c2e31227bffff,6,210,0.027777777777777776
89c2e312293ffff,0,1,0.0
89c2e3122c7ffff,0,3,0.0
89c2e3122cbffff,3,44,0.06382978723404255
89c2e3122dbffff,9,7,0.5625
89c2e312303ffff,8,163,0.04678362573099415
89c2e312307ffff,4,135,0.02877697841726619
89c2e31230bffff,10,257,0.03745318352059925
89c2e31230fffff,9,186,0.046153846153846156
89c2e312317ffff,0,1,0.0
89c2e31231bffff,4,87,0.04395604395604396
89c2e312323ffff,4,194,0.020202020202020204
89c2e312327ffff,3,183,0.016129032258064516
89c2e31232bffff,27,144,0.15789473684210525
89c2e31232fffff,25,182,0.12077294685990338
89c2e312333ffff,3,186,0.015873015873015872
89c2e312337ffff,8,154,0.04938271604938271
89c2e31233bffff,5,162,0.029940119760479042
89c2e312343ffff,0,1,0.0
89c2e312347ffff,11,54,0.16923076923076924
89c2e31234fffff,0,1,0.0
89c2e312353ffff,0,8,0.0
89c2e312357ffff,0,45,0.0
89c2e312363ffff,15,171,0.08064516129032258
89c2e312367ffff,12,119,0.0916030534351145
89c2e31236bffff,3,178,0.016574585635359115
89c2e31236fffff,9,204,0.04225352112676056
89c2e312373ffff,13,153,0.0783132530120482
89c2e312377ffff,1,44,0.022222222222222223
89c2e31237bffff,2,37,0.05128205128205128
89c2e312383ffff,8,56,0.125
89c2e312387ffff,2,84,0.023255813953488372
89c2e31238bffff,0,3,0.0
89c2e31238fffff,0,28,0.0
89c2e312397ffff,8,136,0.05555555555555555
89c2e31239bffff,0,1,0.0
89c2e3123a3ffff,6,145,0.039735099337748346
89c2e3123a7ffff,14,267,0.0498220640569395
89c2e3123abffff,7,172,0.03910614525139665
89c2e3123afffff,10,157,0.059880239520958084
89c2e3123b3ffff,11,194,0.05365853658536585
89c2e3123b7ffff,8,259,0.0299625468164794
89c2e3123bbffff,3,53,0.05357142857142857
89c2e3123cfffff,0,52,0.0
89c2e3123d7ffff,0,11,0.0
89c2e312403ffff,15,121,0.11029411764705882
89c2e312407ffff,6,72,0.07692307692307693
89c2e31240bffff,0,2,0.0
89c2e31240fffff,0,33,0.0
89c2e312413ffff,17,38,0.3090909090909091
89c2e312417ffff,0,33,0.0
89c2e31241bffff,2,5,0.2857142857142857
89c2e312423ffff,0,41,0.0
89c2e312427ffff,3,132,0.022222222222222223
89c2e312433ffff,4,124,0.03125
89c2e312437ffff,10,170,0.05555555555555555
89c2e312443ffff,2,33,0.05714285714285714
89c2e31244bffff,0,14,0.0
89c2e312453ffff,0,49,0.0
89c2e312457ffff,38,68,0.3584905660377358
89c2e312483ffff,9,203,0.04245283018867924
89c2e312487ffff,8,212,0.03636363636363636
89c2e31248bffff,13,236,0.05220883534136546
89c2e31248fffff,29,270,0.09698996655518395
89c2e312493ffff,6,210,0.027777777777777776
89c2e312497ffff,7,201,0.03365384615384615
89c2e31249bffff,9,172,0.049723756906077346
89c2e3124a3ffff,2,103,0.01904761904761905
89c2e3124a7ffff,3,171,0.017241379310344827
89c2e3124abffff,3,71,0.04054054054054054
89c2e3124afffff,9,276,0.031578947368421054
89c2e3124b3ffff,6,136,0.04225352112676056
89c2e3124b7ffff,6,238,0.02459016393442623
89c2e3124bbffff,10,367,0.026525198938992044
89c2e3124c7ffff,4,83,0.04597701149425287
89c2e3124cfffff,1,25,0.038461538461538464
89c2e3124d7ffff,0,8,0.0
89c2e312503ffff,4,174,0.02247191011235955
89c2e312507ffff,1,147,0.006756756756756757
89c2e31250bffff,2,128,0.015384615384615385
89c2e31250fffff,2,160,0.012345679012345678
89c2e312513ffff,0,141,0.0
89c2e312517ffff,0,13,0.0
89c2e31251bffff,4,176,0.022222222222222223
89c2e312523ffff,2,127,0.015503875968992248
89c2e312527ffff,0,70,0.0
89c2e31252bffff,3,150,0.0196078431372549
89c2e31252fffff,3,138,0.02127659574468085
89c2e312533ffff,1,79,0.0125
89c2e312537ffff,1,39,0.025
89c2e31253bffff,2,140,0.014084507042253521
89c2e312543ffff,3,173,0.017045454545454544
89c2e312547ffff,8,199,0.03864734299516908
89c2e31254bffff,2,182,0.010869565217391304
89c2e31254fffff,8,160,0.047619047619047616
89c2e312553ffff,4,195,0.020100502512562814
89c2e312557ffff,6,86,0.06521739130434782
89c2e31255bffff,4,167,0.023391812865497075
89c2e312563ffff,3,248,0.01195219123505976
89c2e312567ffff,11,198,0.05263157894736842
89c2e31256bffff,5,214,0.0228310502283105
89c2e31256fffff,3,213,0.013888888888888888
89c2e312573ffff,4,192,0.02040816326530612
89c2e312577ffff,1,185,0.005376344086021506
89c2e31257bffff,3,225,0.013157894736842105
89c2e312583ffff,0,61,0.0
89c2e312587ffff,2,59,0.03278688524590164
89c2e31258bffff,3,152,0.01935483870967742
89c2e312593ffff,1,35,0.027777777777777776
89c2e312597ffff,5,196,0.024875621890547265
89c2e31259bffff,8,249,0.0311284046692607
89c2e3125a7ffff,12,16,0.42857142857142855
89c2e3125b3ffff,0,6,0.0
89c2e3125b7ffff,0,41,0.0
89c2e3125c3ffff,4,145,0.026845637583892617
89c2e3125c7ffff,0,141,0.0
89c2e3125cbffff,8,174,0.04395604395604396
89c2e3125cfffff,13,108,0.10743801652892562
89c2e3125d3ffff,2,150,0.013157894736842105
89c2e3125d7ffff,4,168,0.023255813953488372
89c2e3125dbffff,4,212,0.018518518518518517
89c2e31263bffff,0,1,0.0
89c2e3126b3ffff,5,22,0.18518518518518517
89c2e3126bbffff,2,56,0.034482758620689655
89c2e312803ffff,17,196,0.07981220657276995
89c2e312807ffff,8,185,0.04145077720207254
89c2e31280bffff,6,143,0.040268456375838924
89c2e31280fffff,6,206,0.02830188679245283
89c2e312813ffff,2,166,0.011904761904761904
89c2e312817ffff,19,202,0.08597285067873303
89c2e31281bffff,10,180,0.05263157894736842
89c2e312823ffff,3,211,0.014018691588785047
89c2e312827ffff,7,171,0.03932584269662921
89c2e31282bffff,3,170,0.017341040462427744
89c2e31282fffff,3,287,0.010344827586206896
89c2e312833ffff,3,183,0.016129032258064516
89c2e312837ffff,6,158,0.036585365853658534
89c2e31283bffff,12,182,0.061855670103092786
89c2e312843ffff,5,153,0.03164556962025317
89c2e312847ffff,10,195,0.04878048780487805
89c2e31284bffff,13,261,0.04744525547445255
89c2e31284fffff,19,437,0.041666666666666664
89c2e312853ffff,7,163,0.041176470588235294
89c2e312857ffff,5,176,0.027624309392265192
89c2e31285bffff,4,205,0.019138755980861243
89c2e312863ffff,3,196,0.01507537688442211
89c2e312867ffff,4,185,0.021164021164021163
89c2e31286bffff,3,312,0.009523809523809525
89c2e31286fffff,4,220,0.017857142857142856
89c2e312873ffff,8,230,0.03361344537815126
89c2e312877ffff,7,163,0.041176470588235294
89c2e31287bffff,10,310,0.03125
89c2e312883ffff,0,178,0.0
89c2e312887ffff,9,201,0.04285714285714286
89c2e31288bffff,2,181,0.01092896174863388
89c2e31288fffff,8,97,0.0761904761904762
89c2e312893ffff,7,116,0.056910569105691054
89c2e312897ffff,11,160,0.06432748538011696
89c2e31289bffff,6,141,0.04081632653061224
89c2e3128a3ffff,0,194,0.0
89c2e3128a7ffff,3,234,0.012658227848101266
89c2e3128abffff,5,120,0.04
89c2e3128afffff,1,189,0.005263157894736842
89c2e3128b3ffff,3,222,0.013333333333333334
89c2e3128b7ffff,2,186,0.010638297872340425
89c2e3128bbffff,2,166,0.011904761904761904
89c2e3128c3ffff,4,179,0.02185792349726776
89c2e3128c7ffff,7,171,0.03932584269662921
89c2e3128cbffff,5,173,0.028089887640449437
89c2e3128cfffff,3,221,0.013392857142857142
89c2e3128d3ffff,9,161,0.052941176470588235
89c2e3128d7ffff,5,173,0.028089887640449437
89c2e3128dbffff,2,194,0.01020408163265306
89c2e312903ffff,5,207,0.02358490566037736
89c2e312907ffff,17,243,0.06538461538461539
89c2e31290bffff,3,181,0.016304347826086956
89c2e31290fffff,30,164,0.15463917525773196
89c2e312913ffff,0,224,0.0
89c2e312917ffff,3,218,0.013574660633484163
89c2e31291bffff,2,260,0.007633587786259542
89c2e312923ffff,2,122,0.016129032258064516
89c2e31292bffff,5,200,0.024390243902439025
89c2e312933ffff,8,249,0.0311284046692607
89c2e31293bffff,6,229,0.02553191489361702
89c2e312943ffff,19,222,0.07883817427385892
89c2e312947ffff,1,202,0.0049261083743842365
89c2e31294bffff,20,283,0.066006600660066
89c2e31294fffff,6,293,0.020066889632107024
89c2e312953ffff,14,219,0.060085836909871244
89c2e312957ffff,11,189,0.055
89c2e31295bffff,8,188,0.04081632653061224
89c2e312963ffff,4,170,0.022988505747126436
89c2e312967ffff,10,219,0.043668122270742356
89c2e31296bffff,8,160,0.047619047619047616
89c2e31296fffff,7,212,0.0319634703196347
89c2e312973ffff,5,91,0.052083333333333336
89c2e312977ffff,4,210,0.018691588785046728
89c2e31297bffff,6,198,0.029411764705882353
89c2e312983ffff,3,264,0.011235955056179775
89c2e312987ffff,9,264,0.03296703296703297
89c2e31298bffff,5,273,0.017985611510791366
89c2e31298fffff,1,224,0.0044444444444444444
89c2e312993ffff,2,208,0.009523809523809525
89c2e312997ffff,2,160,0.012345679012345678
89c2e31299bffff,8,287,0.02711864406779661
89c2e3129a3ffff,1,153,0.006493506493506494
89c2e3129abffff,3,278,0.010676156583629894
89c2e3129afffff,1,38,0.02564102564102564
89c2e3129b3ffff,0,149,0.0
89c2e3129bbffff,0,176,0.0
89c2e3129c3ffff,1,167,0.005952380952380952
89c2e3129c7ffff,6,202,0.028846153846153848
89c2e3129cbffff,3,170,0.017341040462427744
89c2e3129cfffff,6,244,0.024
89c2e3129d3ffff,2,254,0.0078125
89c2e3129d7ffff,5,192,0.025380710659898477
89c2e3129dbffff,4,212,0.018518518518518517
89c2e312a03ffff,3,146,0.020134228187919462
89c2e312a07ffff,4,186,0.021052631578947368
89c2e312a0bffff,6,116,0.04918032786885246
89c2e312a0fffff,2,279,0.0071174377224199285
89c2e312a13ffff,3,100,0.02912621359223301
89c2e312a17ffff,2,192,0.010309278350515464
89c2e312a1bffff,1,170,0.005847953216374269
89c2e312a23ffff,12,228,0.05
89c2e312a27ffff,2,261,0.0076045627376425855
89c2e312a2bffff,4,131,0.02962962962962963
89c2e312a2fffff,5,264,0.01858736059479554
89c2e312a33ffff,1,156,0.006369426751592357
89c2e312a37ffff,10,341,0.02849002849002849
89c2e312a3bffff,3,167,0.01764705882352941
89c2e312a43ffff,9,180,0.047619047619047616
89c2e312a47ffff,7,156,0.04294478527607362
89c2e312a4bffff,15,172,0.08021390374331551
89c2e312a4fffff,9,173,0.04945054945054945
89c2e312a53ffff,4,151,0.025806451612903226
89c2e312a57ffff,12,200,0.05660377358490566
89c2e312a5bffff,3,202,0.014634146341463415
89c2e312a63ffff,3,126,0.023255813953488372
89c2e312a67ffff,2,93,0.021052631578947368
89c2e312a6bffff,6,145,0.039735099337748346
89c2e312a6fffff,4,110,0.03508771929824561
89c2e312a73ffff,1,149,0.006666666666666667
89c2e312a77ffff,5,171,0.028409090909090908
89c2e312a7bffff,2,141,0.013986013986013986
89c2e312a83ffff,5,156,0.031055900621118012
89c2e312a87ffff,8,181,0.042328042328042326
89c2e312a8bffff,1,147,0.006756756756756757
89c2e312a8fffff,3,144,0.02040816326530612
89c2e312a93ffff,7,171,0.03932584269662921
89c2e312a97ffff,11,211,0.04954954954954955
89c2e312a9bffff,3,120,0.024390243902439025
89c2e312aa3ffff,9,171,0.05
89c2e312aa7ffff,11,178,0.0582010582010582
89c2e312aabffff,1,222,0.004484304932735426
89c2e312aafffff,3,228,0.012987012987012988
89c2e312ab3ffff,5,236,0.02074688796680498
89c2e312ab7ffff,23,259,0.08156028368794327
89c2e312abbffff,16,225,0.06639004149377593
89c2e312ac3ffff,2,45,0.0425531914893617
89c2e312ac7ffff,0,124,0.0
89c2e312acbffff,5,120,0.04
89c2e312acfffff,0,144,0.0
89c2e312ad3ffff,2,58,0.03333333333333333
89c2e312ad7ffff,1,62,0.015873015873015872
89c2e312adbffff,2,76,0.02564102564102564
89c2e312b03ffff,14,170,0.07608695652173914
89c2e312b07ffff,16,169,0.08648648648648649
89c2e312b0bffff,12,144,0.07692307692307693
89c2e312b0fffff,15,168,0.08196721311475409
89c2e312b13ffff,3,155,0.0189873417721519
89c2e312b17ffff,21,194,0.09767441860465116
89c2e312b1bffff,6,177,0.03278688524590164
89c2e312b23ffff,7,138,0.04827586206896552
89c2e312b27ffff,4,166,0.023529411764705882
89c2e312b2bffff,2,166,0.011904761904761904
89c2e312b2fffff,13,170,0.07103825136612021
89c2e312b33ffff,7,182,0.037037037037037035
89c2e312b37ffff,17,179,0.08673469387755102
89c2e312b3bffff,4,173,0.022598870056497175
89c2e312b43ffff,12,174,0.06451612903225806
89c2e312b47ffff,5,188,0.025906735751295335
89c2e312b4bffff,7,153,0.04375
89c2e312b4fffff,14,163,0.07909604519774012
89c2e312b53ffff,2,215,0.009216589861751152
89c2e312b57ffff,7,196,0.034482758620689655
89c2e312b5bffff,2,191,0.010362694300518135
89c2e312b63ffff,10,177,0.053475935828877004
89c2e312b67ffff,14,154,0.08333333333333333
89c2e312b6bffff,4,98,0.0392156862745098
89c2e312b6fffff,2,93,0.021052631578947368
89c2e312b73ffff,17,171,0.09042553191489362
89c2e312b77ffff,1,184,0.005405405405405406
89c2e312b7bffff,2,127,0.015503875968992248
89c2e312b83ffff,3,195,0.015151515151515152
89c2e312b87ffff,7,215,0.03153153153153153
89c2e312b8bffff,5,170,0.02857142857142857
89c2e312b8fffff,6,170,0.03409090909090909
89c2e312b93ffff,7,234,0.029045643153526972
89c2e312b97ffff,3,199,0.01485148514851485
89c2e312b9bffff,8,159,0.04790419161676647
89c2e312ba3ffff,4,151,0.025806451612903226
89c2e312ba7ffff,17,140,0.10828025477707007
89c2e312babffff,7,310,0.022082018927444796
89c2e312bafffff,5,208,0.023474178403755867
89c2e312bb3ffff,13,266,0.04659498207885305
89c2e312bb7ffff,5,226,0.021645021645021644
89c2e312bbbffff,10,225,0.0425531914893617
89c2e312bc3ffff,7,153,0.04375
89c2e312bc7ffff,16,135,0.10596026490066225
89c2e312bcbffff,3,213,0.013888888888888888
89c2e312bcfffff,18,144,0.1111111111111111
89c2e312bd3ffff,18,224,0.0743801652892562
89c2e312bd7ffff,5,126,0.03816793893129771
89c2e312bdbffff,3,265,0.011194029850746268
89c2e312c03ffff,1,223,0.004464285714285714
89c2e312c07ffff,5,172,0.02824858757062147
89c2e312c0bffff,8,195,0.03940886699507389
89c2e312c0fffff,4,212,0.018518518518518517
89c2e312c13ffff,3,255,0.011627906976744186
89c2e312c17ffff,7,189,0.03571428571428571
89c2e312c1bffff,2,236,0.008403361344537815
89c2e312c23ffff,3,101,0.028846153846153848
89c2e312c27ffff,0,4,0.0
89c2e312c2bffff,0,128,0.0
89c2e312c2fffff,3,64,0.04477611940298507
89c2e312c33ffff,5,169,0.028735632183908046
89c2e312c37ffff,4,126,0.03076923076923077
89c2e312c3bffff,4,169,0.023121387283236993
89c2e312c43ffff,3,161,0.018292682926829267
89c2e312c47ffff,9,166,0.05142857142857143
89c2e312c4bffff,2,105,0.018691588785046728
89c2e312c4fffff,2,150,0.013157894736842105
89c2e312c53ffff,2,142,0.013888888888888888
89c2e312c57ffff,4,148,0.02631578947368421
89c2e312c5bffff,8,213,0.03619909502262444
89c2e312c63ffff,6,148,0.03896103896103896
89c2e312c67ffff,3,169,0.01744186046511628
89c2e312c6bffff,11,93,0.10576923076923077
89c2e312c6fffff,2,99,0.019801980198019802
89c2e312c73ffff,7,194,0.03482587064676617
89c2e312c77ffff,16,179,0.08205128205128205
89c2e312c7bffff,4,137,0.028368794326241134
89c2e312c83ffff,9,184,0.046632124352331605
89c2e312c87ffff,3,161,0.018292682926829267
89c2e312c8bffff,1,252,0.003952569169960474
89c2e312c8fffff,1,220,0.004524886877828055
89c2e312c93ffff,2,171,0.011560693641618497
89c2e312c97ffff,2,204,0.009708737864077669
89c2e312c9bffff,2,121,0.016260162601626018
89c2e312ca3ffff,2,173,0.011428571428571429
89c2e312ca7ffff,3,163,0.018072289156626505
89c2e312cabffff,0,189,0.0
89c2e312cafffff,5,173,0.028089887640449437
89c2e312cb3ffff,9,164,0.05202312138728324
89c2e312cb7ffff,3,173,0.017045454545454544
89c2e312cbbffff,3,193,0.015306122448979591
89c2e312cc3ffff,8,194,0.039603960396039604
89c2e312cc7ffff,4,178,0.02197802197802198
89c2e312ccbffff,3,171,0.017241379310344827
89c2e312ccfffff,7,118,0.056
89c2e312cd3ffff,7,172,0.03910614525139665
89c2e312cd7ffff,5,192,0.025380710659898477
89c2e312cdbffff,8,227,0.03404255319148936
89c2e312d03ffff,13,142,0.08387096774193549
89c2e312d07ffff,9,245,0.03543307086614173
89c2e312d0bffff,3,169,0.01744186046511628
89c2e312d0fffff,5,204,0.023923444976076555
89c2e312d13ffff,0,23,0.0
89c2e312d17ffff,4,217,0.01809954751131222
89c2e312d1bffff,1,45,0.021739130434782608
89c2e312d23ffff,8,230,0.03361344537815126
89c2e312d27ffff,2,105,0.018691588785046728
89c2e312d2bffff,1,204,0.004878048780487805
89c2e312d2fffff,1,211,0.0047169811320754715
89c2e312d33ffff,17,286,0.056105610561056105
89c2e312d37ffff,0,52,0.0
89c2e312d3bffff,7,260,0.026217228464419477
89c2e312d43ffff,3,206,0.014354066985645933
89c2e312d47ffff,2,170,0.011627906976744186
89c2e312d4bffff,8,194,0.039603960396039604
89c2e312d4fffff,2,186,0.010638297872340425
89c2e312d53ffff,0,12,0.0
89c2e312d57ffff,4,131,0.02962962962962963
89c2e312d5bffff,6,161,0.03592814371257485
89c2e312d63ffff,6,278,0.02112676056338028
89c2e312d67ffff,8,224,0.034482758620689655
89c2e312d6bffff,8,240,0.03225806451612903
89c2e312d6fffff,6,287,0.020477815699658702
89c2e312d73ffff,7,168,0.04
89c2e312d77ffff,1,153,0.006493506493506494
89c2e312d7bffff,3,195,0.015151515151515152
89c2e312d83ffff,4,81,0.047058823529411764
89c2e312d87ffff,1,63,0.015625
89c2e312d8bffff,7,73,0.0875
89c2e312d8fffff,2,124,0.015873015873015872
89c2e312d93ffff,0,85,0.0
89c2e312d97ffff,3,32,0.08571428571428572
89c2e312d9bffff,6,64,0.08571428571428572
89c2e312da3ffff,0,8,0.0
89c2e312dabffff,6,266,0.022058823529411766
89c2e312dafffff,3,22,0.12
89c2e312db3ffff,0,2,0.0
89c2e312dbbffff,1,199,0.005
89c2e312dc3ffff,0,47,0.0
89c2e312dcbffff,0,1,0.0
89c2e312dd3ffff,0,136,0.0
89c2e312dd7ffff,0,15,0.0
89c2e312ddbffff,4,127,0.030534351145038167
89c2e312e03ffff,0,110,0.0
89c2e312e07ffff,1,121,0.00819672131147541
89c2e312e0bffff,4,138,0.028169014084507043
89c2e312e0fffff,10,120,0.07692307692307693
89c2e312e13ffff,0,80,0.0
89c2e312e17ffff,1,158,0.006289308176100629
89c2e312e1bffff,6,163,0.03550295857988166
89c2e312e23ffff,8,214,0.036036036036036036
89c2e312e27ffff,6,190,0.030612244897959183
89c2e312e2bffff,12,216,0.05263157894736842
89c2e312e2fffff,8,176,0.043478260869565216
89c2e312e33ffff,5,138,0.03496503496503497
89c2e312e37ffff,5,189,0.02577319587628866
89c2e312e3bffff,6,135,0.0425531914893617
89c2e312e43ffff,5,172,0.02824858757062147
89c2e312e47ffff,6,160,0.03614457831325301
89c2e312e4bffff,14,185,0.07035175879396985
89c2e312e4fffff,4,200,0.0196078431372549
89c2e312e53ffff,5,217,0.02252252252252252
89c2e312e57ffff,10,175,0.05405405405405406
89c2e312e5bffff,3,224,0.013215859030837005
89c2e312e63ffff,5,156,0.031055900621118012
89c2e312e67ffff,16,216,0.06896551724137931
89c2e312e6bffff,1,84,0.011764705882352941
89c2e312e6fffff,7,137,0.04861111111111111
89c2e312e73ffff,8,171,0.0446927374301676
89c2e312e77ffff,1,118,0.008403361344537815
89c2e312e7bffff,1,168,0.005917159763313609
89c2e312e83ffff,2,157,0.012578616352201259
89c2e312e87ffff,8,172,0.044444444444444446
89c2e312e8bffff,0,127,0.0
89c2e312e8fffff,1,181,0.005494505494505495
89c2e312e93ffff,7,168,0.04
89c2e312e97ffff,16,144,0.1
89c2e312e9bffff,0,16,0.0
89c2e312ea3ffff,8,194,0.039603960396039604
89c2e312ea7ffff,4,160,0.024390243902439025
89c2e312eabffff,5,194,0.02512562814070352
89c2e312eafffff,5,142,0.034013605442176874
89c2e312eb3ffff,1,197,0.005050505050505051
89c2e312eb7ffff,2,139,0.014184397163120567
89c2e312ebbffff,4,248,0.015873015873015872
89c2e312ec3ffff,4,100,0.038461538461538464
89c2e312ec7ffff,4,93,0.041237113402061855
89c2e312ecbffff,6,145,0.039735099337748346
89c2e312ecfffff,5,172,0.02824858757062147
89c2e312edbffff,0,166,0.0
89c2e313103ffff,5,101,0.04716981132075472
89c2e313107ffff,3,143,0.02054794520547945
89c2e31310bffff,1,63,0.015625
89c2e31310fffff,6,172,0.033707865168539325
89c2e313113ffff,0,83,0.0
89c2e313117ffff,7,149,0.04487179487179487
89c2e31311bffff,0,102,0.0
89c2e313123ffff,1,82,0.012048192771084338
89c2e313127ffff,5,214,0.0228310502283105
89c2e31312bffff,3,97,0.03
89c2e31312fffff,4,62,0.06060606060606061
89c2e313133ffff,1,174,0.005714285714285714
89c2e313137ffff,1,43,0.022727272727272728
89c2e31313bffff,15,184,0.07537688442211055
89c2e313143ffff,1,159,0.00625
89c2e313147ffff,30,106,0.22058823529411764
89c2e31314bffff,0,111,0.0
89c2e31314fffff,13,198,0.061611374407582936
89c2e313157ffff,8,89,0.08247422680412371
89c2e31315bffff,2,142,0.013888888888888888
89c2e313163ffff,7,80,0.08045977011494253
89c2e313167ffff,0,127,0.0
89c2e31316bffff,4,81,0.047058823529411764
89c2e31316fffff,5,186,0.02617801047120419
89c2e313173ffff,11,110,0.09090909090909091
89c2e313177ffff,11,182,0.05699481865284974
89c2e31317bffff,41,82,0.3333333333333333
89c2e313183ffff,1,79,0.0125
89c2e313187ffff,1,80,0.012345679012345678
89c2e31318bffff,27,36,0.42857142857142855
89c2e31318fffff,9,110,0.07563025210084033
89c2e313193ffff,0,1,0.0
89c2e313197ffff,5,129,0.03731343283582089
89c2e3131a3ffff,3,72,0.04
89c2e3131a7ffff,0,86,0.0
89c2e3131abffff,4,162,0.024096385542168676
89c2e3131afffff,5,113,0.0423728813559322
89c2e3131b3ffff,11,217,0.04824561403508772
89c2e3131b7ffff,6,209,0.027906976744186046
89c2e3131bbffff,8,202,0.0380952380952381
89c2e3131c7ffff,0,10,0.0
89c2e3131cfffff,0,5,0.0
89c2e313223ffff,4,134,0.028985507246376812
89c2e313227ffff,0,74,0.0
89c2e31322bffff,8,114,0.06557377049180328
89c2e31322fffff,7,194,0.03482587064676617
89c2e313233ffff,1,45,0.021739130434782608
89c2e313237ffff,0,30,0.0
89c2e31323bffff,18,16,0.5294117647058824
89c2e313263ffff,0,35,0.0
89c2e313267ffff,16,152,0.09523809523809523
89c2e31326bffff,11,95,0.10377358490566038
89c2e31326fffff,4,168,0.023255813953488372
89c2e313277ffff,0,14,0.0
89c2e31327bffff,0,9,0.0
89c2e3132afffff,0,7,0.0
89c2e313307ffff,1,0,1.0
89c2e313323ffff,0,188,0.0
89c2e313327ffff,14,260,0.051094890510948905
89c2e31332bffff,0,60,0.0
89c2e31332fffff,10,154,0.06097560975609756
89c2e313333ffff,4,111,0.034782608695652174
89c2e313337ffff,7,160,0.041916167664670656
89c2e31333bffff,0,27,0.0
89c2e31334bffff,0,56,0.0
89c2e31335bffff,8,51,0.13559322033898305
89c2e313363ffff,0,8,0.0
89c2e313367ffff,0,90,0.0
89c2e31336fffff,6,90,0.0625
89c2e313377ffff,0,12,0.0
89c2e313383ffff,0,2,0.0
89c2e313387ffff,3,33,0.08333333333333333
89c2e313397ffff,0,17,0.0
89c2e3133a3ffff,7,166,0.04046242774566474
89c2e3133a7ffff,2,173,0.011428571428571429
89c2e3133abffff,0,26,0.0
89c2e3133afffff,5,157,0.030864197530864196
89c2e3133b3ffff,6,116,0.04918032786885246
89c2e3133b7ffff,3,209,0.014150943396226415
89c2e3133bbffff,0,53,0.0
89c2e313527ffff,1,41,0.023809523809523808
89c2e31352fffff,0,3,0.0
89c2e31529bffff,0,4,0.0
89c2e3152c3ffff,0,18,0.0
89c2e3152cbffff,1,64,0.015384615384615385
89c2e3152d3ffff,5,154,0.031446540880503145
89c2e3152d7ffff,0,10,0.0
89c2e3152dbffff,0,37,0.0
89c2e31544bffff,0,10,0.0
89c2e31545bffff,6,28,0.17647058823529413
89c2e3154cbffff,0,1,0.0
89c2e3154dbffff,4,25,0.13793103448275862
89c2e31560bffff,12,121,0.09022556390977443
89c2e31560fffff,2,64,0.030303030303030304
89c2e31561bffff,16,153,0.09467455621301775
89c2e31562bffff,1,41,0.023809523809523808
89c2e315633ffff,0,92,0.0
89c2e31563bffff,0,2,0.0
89c2e315643ffff,22,257,0.07885304659498207
89c2e315647ffff,5,223,0.021929824561403508
89c2e31564bffff,6,192,0.030303030303030304
89c2e31564fffff,12,169,0.06629834254143646
89c2e315653ffff,16,206,0.07207207207207207
89c2e315657ffff,6,223,0.026200873362445413
89c2e31565bffff,39,181,0.17727272727272728
89c2e315663ffff,6,251,0.023346303501945526
89c2e315667ffff,3,205,0.014423076923076924
89c2e31566bffff,28,177,0.13658536585365855
89c2e31566fffff,5,190,0.02564102564102564
89c2e315673ffff,2,244,0.008130081300813009
89c2e315677ffff,4,205,0.019138755980861243
89c2e31567bffff,11,276,0.03832752613240418
89c2e315683ffff,4,50,0.07407407407407407
89c2e315687ffff,0,64,0.0
89c2e315693ffff,24,161,0.12972972972972974
89c2e315697ffff,22,94,0.1896551724137931
89c2e31569bffff,3,155,0.0189873417721519
89c2e3156bbffff,0,13,0.0
89c2e3156c3ffff,0,140,0.0
89c2e3156c7ffff,1,22,0.043478260869565216
89c2e3156cbffff,2,228,0.008695652173913044
89c2e3156cfffff,9,223,0.03879310344827586
89c2e3156d3ffff,5,176,0.027624309392265192
89c2e3156d7ffff,70,302,0.1881720430107527
89c2e3156dbffff,2,204,0.009708737864077669
89c2e31721bffff,0,5,0.0
89c2e317243ffff,5,184,0.026455026455026454
89c2e317247ffff,5,54,0.0847457627118644
89c2e31724bffff,5,204,0.023923444976076555
89c2e31724fffff,6,208,0.028037383177570093
89c2e317253ffff,4,283,0.013937282229965157
89c2e317257ffff,4,119,0.032520325203252036
89c2e31725bffff,11,186,0.05583756345177665
89c2e3172c3ffff,4,193,0.02030456852791878
89c2e3172c7ffff,0,65,0.0
89c2e3172cbffff,12,206,0.05504587155963303
89c2e3172cfffff,5,225,0.021739130434782608
89c2e3172d3ffff,20,280,0.06666666666666667
89c2e3172d7ffff,8,154,0.04938271604938271
89c2e3172dbffff,14,207,0.06334841628959276
89c2e317603ffff,1,157,0.006329113924050633
89c2e317607ffff,0,1,0.0
89c2e31760bffff,8,134,0.056338028169014086
89c2e31760fffff,4,137,0.028368794326241134
89c2e317613ffff,7,186,0.03626943005181347
89c2e317617ffff,2,12,0.14285714285714285
89c2e31761bffff,7,238,0.02857142857142857
89c2e317643ffff,6,202,0.028846153846153848
89c2e317647ffff,8,219,0.03524229074889868
89c2e31764bffff,5,295,0.016666666666666666
89c2e31764fffff,3,180,0.01639344262295082
89c2e317653ffff,3,103,0.02830188679245283
89c2e317657ffff,14,185,0.07035175879396985
89c2e31765bffff,7,193,0.035
89c2e317663ffff,18,191,0.0861244019138756
89c2e317667ffff,0,25,0.0
89c2e31766bffff,6,181,0.03208556149732621
89c2e31766fffff,15,219,0.0641025641025641
89c2e317673ffff,10,252,0.03816793893129771
89c2e317677ffff,7,92,0.0707070707070707
89c2e31767bffff,10,129,0.07194244604316546
89c2e317683ffff,5,143,0.033783783783783786
89c2e31768bffff,5,229,0.021367521367521368
89c2e31768fffff,5,88,0.053763440860215055
89c2e317693ffff,10,159,0.05917159763313609
89c2e317697ffff,0,15,0.0
89c2e31769bffff,9,186,0.046153846153846156
89c2e3176c3ffff,9,152,0.055900621118012424
89c2e3176c7ffff,9,225,0.038461538461538464
89c2e3176cbffff,14,196,0.06666666666666667
89c2e3176cfffff,19,213,0.08189655172413793
89c2e3176d3ffff,11,190,0.05472636815920398
89c2e3176d7ffff,2,172,0.011494252873563218
89c2e3176dbffff,16,170,0.08602150537634409
89c2e31a8b7ffff,0,1,0.0
89c2e31a99bffff,0,1,0.0
89c2e31a9d3ffff,0,103,0.0
89c2e31a9d7ffff,0,67,0.0
89c2e31ac23ffff,3,4,0.42857142857142855
89c2e31ac27ffff,0,3,0.0
89c2e31ac33ffff,0,13,0.0
89c2e31ac37ffff,67,47,0.5877192982456141
89c2e31ac83ffff,0,37,0.0
89c2e31ac87ffff,29,54,0.3493975903614458
89c2e31ac93ffff,45,57,0.4411764705882353
89c2e31ac97ffff,17,112,0.13178294573643412
89c2e31ac9bffff,6,0,1.0
89c2e31aca3ffff,12,94,0.11320754716981132
89c2e31aca7ffff,4,31,0.11428571428571428
89c2e31acabffff,22,50,0.3055555555555556
89c2e31acafffff,6,60,0.09090909090909091
89c2e31acb3ffff,0,19,0.0
89c2e31acb7ffff,0,5,0.0
89c2e31acbbffff,35,65,0.35
89c2e31ad03ffff,13,123,0.09558823529411764
89c2e31ad07ffff,11,94,0.10476190476190476
89c2e31ad0bffff,0,4,0.0
89c2e31ad0fffff,0,9,0.0
89c2e31ad13ffff,10,16,0.38461538461538464
89c2e31ad17ffff,1,126,0.007874015748031496
89c2e31ad1bffff,2,14,0.125
89c2e31ad33ffff,1,99,0.01
89c2e31ad37ffff,12,112,0.0967741935483871
89c2e31ad3bffff,3,25,0.10714285714285714
89c2e31ad47ffff,0,16,0.0
89c2e31ad57ffff,0,14,0.0
89c2e31ad6bffff,1,108,0.009174311926605505
89c2e31ad6fffff,0,60,0.0
89c2e31ad7bffff,0,1,0.0
89c2e31ad83ffff,9,59,0.1323529411764706
89c2e31ad87ffff,18,9,0.6666666666666666
89c2e31ad8bffff,0,95,0.0
89c2e31ad8fffff,38,29,0.5671641791044776
89c2e31ad93ffff,10,22,0.3125
89c2e31ad97ffff,22,26,0.4583333333333333
89c2e31ad9bffff,0,66,0.0
89c2e31ada3ffff,7,138,0.04827586206896552
89c2e31ada7ffff,41,121,0.25308641975308643
89c2e31adabffff,15,104,0.12605042016806722
89c2e31adafffff,0,105,0.0
89c2e31adb3ffff,13,78,0.14285714285714285
89c2e31adb7ffff,15,89,0.14423076923076922
89c2e31adbbffff,19,24,0.4418604651162791
89c2e31adc3ffff,0,45,0.0
89c2e31adc7ffff,1,54,0.01818181818181818
89c2e31adcbffff,26,17,0.6046511627906976
89c2e31adcfffff,0,73,0.0
89c2e31add3ffff,0,35,0.0
89c2e31add7ffff,0,98,0.0
89c2e31addbffff,13,67,0.1625
89c2e388a23ffff,15,178,0.07772020725388601
89c2e388a27ffff,14,252,0.05263157894736842
89c2e388a2bffff,11,186,0.05583756345177665
89c2e388a2fffff,13,234,0.05263157894736842
89c2e388a33ffff,8,3,0.7272727272727273
89c2e388a37ffff,1,6,0.14285714285714285
89c2e388a3bffff,11,86,0.1134020618556701
89c2e388a67ffff,4,75,0.05063291139240506
89c2e388b0bffff,24,74,0.24489795918367346
89c2e388b2fffff,0,100,0.0
89c2e388b43ffff,12,161,0.06936416184971098
89c2e388b47ffff,8,197,0.03902439024390244
89c2e388b4bffff,5,199,0.024509803921568627
89c2e388b4fffff,3,141,0.020833333333333332
89c2e388b53ffff,8,215,0.03587443946188341
89c2e388b57ffff,4,67,0.056338028169014086
89c2e388b5bffff,7,228,0.029787234042553193
89c2e388b63ffff,1,105,0.009433962264150943
89c2e388b67ffff,0,22,0.0
89c2e388b6bffff,8,175,0.04371584699453552
89c2e388b6fffff,1,80,0.012345679012345678
89c2e388b73ffff,24,173,0.1218274111675127
89c2e388b77ffff,0,20,0.0
89c2e388b7bffff,7,221,0.03070175438596491
89c2e388bcbffff,0,10,0.0
89c2e388bcfffff,0,1,0.0
89c2e38d04bffff,4,131,0.02962962962962963
89c2e38d04fffff,2,55,0.03508771929824561
89c2e38d063ffff,0,28,0.0
89c2e38d06bffff,4,303,0.013029315960912053
89c2e38d06fffff,0,250,0.0
89c2e38d07bffff,4,63,0.05970149253731343
89c2e38d203ffff,1,113,0.008771929824561403
89c2e38d207ffff,4,125,0.031007751937984496
89c2e38d20bffff,10,6,0.625
89c2e38d20fffff,1,35,0.027777777777777776
89c2e38d213ffff,3,181,0.016304347826086956
89c2e38d217ffff,13,194,0.06280193236714976
89c2e38d21bffff,0,110,0.0
89c2e38d223ffff,4,206,0.01904761904761905
89c2e38d227ffff,6,193,0.03015075376884422
89c2e38d22bffff,7,154,0.043478260869565216
89c2e38d22fffff,10,200,0.047619047619047616
89c2e38d233ffff,4,159,0.024539877300613498
89c2e38d237ffff,5,196,0.024875621890547265
89c2e38d23bffff,15,159,0.08620689655172414
89c2e38d243ffff,4,112,0.034482758620689655
89c2e38d247ffff,1,86,0.011494252873563218
89c2e38d24bffff,5,157,0.030864197530864196
89c2e38d24fffff,3,151,0.01948051948051948
89c2e38d253ffff,2,67,0.028985507246376812
89c2e38d257ffff,0,11,0.0
89c2e38d25bffff,5,137,0.035211267605633804
89c2e38d263ffff,7,173,0.03888888888888889
89c2e38d267ffff,5,151,0.03205128205128205
89c2e38d26bffff,6,164,0.03529411764705882
89c2e38d26fffff,2,143,0.013793103448275862
89c2e38d273ffff,4,115,0.03361344537815126
89c2e38d277ffff,3,151,0.01948051948051948
89c2e38d27bffff,4,154,0.02531645569620253
89c2e38d283ffff,6,127,0.045112781954887216
89c2e38d287ffff,1,146,0.006802721088435374
89c2e38d28bffff,3,156,0.018867924528301886
89c2e38d28fffff,4,161,0.024242424242424242
89c2e38d293ffff,4,168,0.023255813953488372
89c2e38d297ffff,3,79,0.036585365853658534
89c2e38d29bffff,7,164,0.04093567251461988
89c2e38d2a3ffff,6,150,0.038461538461538464
89c2e38d2a7ffff,8,236,0.03278688524590164
89c2e38d2abffff,3,172,0.017142857142857144
89c2e38d2afffff,5,156,0.031055900621118012
89c2e38d2b3ffff,2,167,0.011834319526627219
89c2e38d2b7ffff,7,128,0.05185185185185185
89c2e38d2bbffff,10,162,0.05813953488372093
89c2e38d2c3ffff,2,67,0.028985507246376812
89c2e38d2c7ffff,5,185,0.02631578947368421
89c2e38d2cbffff,2,33,0.05714285714285714
89c2e38d2cfffff,0,68,0.0
89c2e38d2d3ffff,2,53,0.03636363636363636
89c2e38d2d7ffff,8,197,0.03902439024390244
89c2e38d2dbffff,20,40,0.3333333333333333
89c2e38d303ffff,1,250,0.00398406374501992
89c2e38d307ffff,4,260,0.015151515151515152
89c2e38d30bffff,3,238,0.012448132780082987
89c2e38d30fffff,21,303,0.06481481481481481
89c2e38d313ffff,3,197,0.015
89c2e38d317ffff,15,253,0.055970149253731345
89c2e38d31bffff,1,206,0.004830917874396135
89c2e38d323ffff,0,55,0.0
89c2e38d32bffff,16,258,0.058394160583941604
89c2e38d32fffff,1,31,0.03125
89c2e38d333ffff,2,112,0.017543859649122806
89c2e38d33bffff,13,237,0.052
89c2e38d343ffff,28,151,0.1564245810055866
89c2e38d347ffff,5,245,0.02
89c2e38d34bffff,14,176,0.07368421052631578
89c2e38d34fffff,32,165,0.16243654822335024
89c2e38d353ffff,8,182,0.042105263157894736
89c2e38d357ffff,12,204,0.05555555555555555
89c2e38d35bffff,1,159,0.00625
89c2e38d363ffff,9,235,0.036885245901639344
89c2e38d367ffff,8,441,0.017817371937639197
89c2e38d36bffff,2,226,0.008771929824561403
89c2e38d36fffff,5,164,0.029585798816568046
89c2e38d373ffff,3,232,0.01276595744680851
89c2e38d377ffff,4,511,0.007766990291262136
89c2e38d37bffff,2,210,0.009433962264150943
89c2e38d383ffff,4,138,0.028169014084507043
89c2e38d387ffff,2,24,0.07692307692307693
89c2e38d38bffff,5,202,0.024154589371980676
89c2e38d38fffff,2,258,0.007692307692307693
89c2e38d39bffff,2,137,0.014388489208633094
89c2e38d3abffff,3,91,0.031914893617021274
89c2e38d3bbffff,1,53,0.018518518518518517
89c2e38d3c3ffff,5,280,0.017543859649122806
89c2e38d3c7ffff,1,188,0.005291005291005291
89c2e38d3cbffff,5,226,0.021645021645021644
89c2e38d3cfffff,5,196,0.024875621890547265
89c2e38d3d3ffff,11,299,0.035483870967741936
89c2e38d3d7ffff,7,323,0.021212121212121213
89c2e38d3dbffff,3,213,0.013888888888888888
89c2e38d62bffff,0,18,0.0
89c2e38d62fffff,0,1,0.0
89c2e38d64bffff,3,68,0.04225352112676056
89c2e38d64fffff,1,9,0.1
89c2e38d65bffff,12,148,0.075
89c2e38d663ffff,3,246,0.012048192771084338
89c2e38d667ffff,4,191,0.020512820512820513
89c2e38d66bffff,22,122,0.1527777777777778
89c2e38d66fffff,5,192,0.025380710659898477
89c2e38d673ffff,0,23,0.0
89c2e38d677ffff,0,39,0.0
89c2e38d67bffff,11,92,0.10679611650485436
89c2e38da4bffff,2,123,0.016
89c2e38da5bffff,0,73,0.0
89c2e3c4923ffff,0,17,0.0
89c2e3c4927ffff,1,87,0.011363636363636364
89c2e3c492fffff,0,52,0.0
89c2e3c4937ffff,0,15,0.0
89c2e3c49a7ffff,0,26,0.0
89c2e3c49afffff,0,15,0.0
